symbol,name
166105.sh,信达增利
201000.sh,R003
201001.sh,R007
201002.sh,R014
201003.sh,R028
201004.sh,R091
201005.sh,R182
201008.sh,R001
201009.sh,R002
201010.sh,R004
202001.sh,RC001
202003.sh,RC003
202007.sh,RC007
203007.sh,0501R007
203008.sh,0501R028
203009.sh,0501R091
203016.sh,0504R007
203017.sh,0504R028
203018.sh,0504R091
203019.sh,0505R007
203020.sh,0505R028
203021.sh,0505R091
203031.sh,0509R007
203032.sh,0509R028
203033.sh,0509R091
203040.sh,0512R007
203041.sh,0512R028
203042.sh,0512R091
203043.sh,0513R007
203044.sh,0513R028
203045.sh,0513R091
203049.sh,0601R007
203050.sh,0601R028
203051.sh,0601R091
203052.sh,0603R007
203053.sh,0603R028
203054.sh,0603R091
204001.sh,GC001
204002.sh,GC002
204003.sh,GC003
204004.sh,GC004
204007.sh,GC007
204014.sh,GC014
204028.sh,GC028
204091.sh,GC091
204182.sh,GC182
500001.sh,基金金泰
500002.sh,基金泰和
500003.sh,基金安信
500005.sh,基金汉盛
500006.sh,基金裕阳
500007.sh,基金景阳
500008.sh,基金兴华
500009.sh,基金安顺
500011.sh,基金金鑫
500015.sh,基金汉兴
500018.sh,基金兴和
500029.sh,基金科讯
500038.sh,基金通乾
500056.sh,基金科瑞
500058.sh,基金银丰
502000.sh,500等权
502001.sh,500等权A
502002.sh,500等权B
502020.sh,国金50
502021.sh,国金50A
502022.sh,国金50B
502048.sh,50分级
502049.sh,上证50A
502050.sh,上证50B
505888.sh,嘉实元和
510010.sh,治理ETF
510020.sh,超大ETF
510030.sh,价值ETF
510050.sh,50ETF
510060.sh,央企ETF
510061.sh,央企申赎
510070.sh,民企ETF
510090.sh,责任ETF
510110.sh,周期ETF
510120.sh,非周ETF
510130.sh,中盘ETF
510150.sh,招商上证消费80
510160.sh,小康ETF
510170.sh,商品ETF
510180.sh,180ETF
510190.sh,龙头ETF
510210.sh,综指ETF
510220.sh,中小ETF
510230.sh,金融ETF
510260.sh,新兴ETF
510270.sh,国企ETF
510280.sh,成长ETF
510290.sh,380ETF
510300.sh,300ETF
510310.sh,HS300ETF
510330.sh,华夏300
510410.sh,资源ETF
510420.sh,180EWETF
510430.sh,50等权
510440.sh,500沪市ETF
510450.sh,180高ETF
510500.sh,500ETF
510510.sh,广发500
510520.sh,诺安500
510610.sh,能源行业
510620.sh,材料行业
510630.sh,消费行业
510650.sh,金融行业
510660.sh,医药行业
510680.sh,万家380
510700.sh,百强ETF
510880.sh,红利ETF
510900.sh,H股ETF
511010.sh,国债ETF
511210.sh,企债ETF
511220.sh,城投ETF
511800.sh,易货币
511860.sh,博时货币
511880.sh,银华日利
511990.sh,华宝添益
512010.sh,医药ETF
512070.sh,非银ETF
512210.sh,景顺食品
512220.sh,景顺TMT
512230.sh,景顺医药
512300.sh,500医药
512310.sh,500工业
512340.sh,500原料
512500.sh,中证500
512600.sh,主要消费
512610.sh,医药卫生
512640.sh,金融地产
512990.sh,MSCIA股
513030.sh,德国30
513100.sh,纳指ETF
513500.sh,标普500
513600.sh,恒指ETF
513660.sh,恒生通
518800.sh,国泰黄金
518880.sh,黄金ETF
580012.sh,云化CWB1
580013.sh,武钢CWB1
580014.sh,深高CWB1
580016.sh,上汽CWB1
580017.sh,赣粤CWB1
580019.sh,石化CWB1
580020.sh,上港CWB1
580021.sh,青啤CWB1
580022.sh,国电CWB1
580023.sh,康美CWB1
580024.sh,宝钢CWB1
580025.sh,葛洲CWB1
580026.sh,江铜CWB1
580027.sh,长虹CWB1
600000.sh,浦发银行
600001.sh,邯郸钢铁
600002.sh,齐鲁石化
600003.sh,ST东北高
600004.sh,白云机场
600005.sh,武钢股份
600006.sh,东风汽车
600007.sh,中国国贸
600008.sh,首创股份
600009.sh,上海机场
600010.sh,包钢股份
600011.sh,华能国际
600012.sh,皖通高速
600015.sh,华夏银行
600016.sh,民生银行
600017.sh,日照港
600018.sh,上港集团
600019.sh,宝钢股份
600020.sh,中原高速
600021.sh,上海电力
600022.sh,山东钢铁
600023.sh,浙能电力
600026.sh,中海发展
600027.sh,华电国际
600028.sh,中国石化
600029.sh,南方航空
600030.sh,中信证券
600031.sh,三一重工
600033.sh,福建高速
600035.sh,楚天高速
600036.sh,招商银行
600037.sh,歌华有线
600038.sh,中直股份
600039.sh,四川路桥
600048.sh,保利地产
600050.sh,中国联通
600051.sh,宁波联合
600052.sh,浙江广厦
600053.sh,中江地产
600054.sh,黄山旅游
600055.sh,华润万东
600056.sh,中国医药
600057.sh,象屿股份
600058.sh,五矿发展
600059.sh,古越龙山
600060.sh,海信电器
600061.sh,中纺投资
600062.sh,华润双鹤
600063.sh,皖维高新
600064.sh,南京高科
600065.sh,*ST联谊
600066.sh,宇通客车
600067.sh,冠城大通
600068.sh,葛洲坝
600069.sh,*ST银鸽
600070.sh,浙江富润
600071.sh,*ST光学
600072.sh,钢构工程
600073.sh,上海梅林
600074.sh,保千里
600075.sh,新疆天业
600076.sh,青鸟华光
600077.sh,宋都股份
600078.sh,澄星股份
600079.sh,人福医药
600080.sh,金花股份
600081.sh,东风科技
600082.sh,海泰发展
600083.sh,博信股份
600084.sh,中葡股份
600085.sh,同仁堂
600086.sh,东方金钰
600087.sh,退市长油
600088.sh,中视传媒
600089.sh,特变电工
600090.sh,啤酒花
600091.sh,*ST明科
600092.sh,S*ST精密
600093.sh,禾嘉股份
600094.sh,大名城
600095.sh,哈高科
600096.sh,云天化
600097.sh,开创国际
600098.sh,广州发展
600099.sh,林海股份
600100.sh,同方股份
600101.sh,明星电力
600102.sh,莱钢股份
600103.sh,青山纸业
600104.sh,上汽集团
600105.sh,永鼎股份
600106.sh,重庆路桥
600107.sh,美尔雅
600108.sh,亚盛集团
600109.sh,国金证券
600110.sh,中科英华
600111.sh,北方稀土
600112.sh,天成控股
600113.sh,浙江东日
600114.sh,东睦股份
600115.sh,东方航空
600116.sh,三峡水利
600117.sh,西宁特钢
600118.sh,中国卫星
600119.sh,长江投资
600120.sh,浙江东方
600121.sh,郑州煤电
600122.sh,宏图高科
600123.sh,兰花科创
600125.sh,铁龙物流
600126.sh,杭钢股份
600127.sh,金健米业
600128.sh,弘业股份
600129.sh,太极集团
600130.sh,波导股份
600131.sh,岷江水电
600132.sh,重庆啤酒
600133.sh,东湖高新
600135.sh,乐凯胶片
600136.sh,道博股份
600137.sh,浪莎股份
600138.sh,中青旅
600139.sh,西部资源
600141.sh,兴发集团
600143.sh,金发科技
600145.sh,*ST国创
600146.sh,大元股份
600148.sh,长春一东
600149.sh,廊坊发展
600150.sh,中国船舶
600151.sh,航天机电
600152.sh,维科精华
600153.sh,建发股份
600155.sh,宝硕股份
600156.sh,华升股份
600157.sh,永泰能源
600158.sh,中体产业
600159.sh,大龙地产
600160.sh,巨化股份
600161.sh,天坛生物
600162.sh,香江控股
600163.sh,*ST南纸
600165.sh,新日恒力
600166.sh,福田汽车
600167.sh,联美控股
600168.sh,武汉控股
600169.sh,太原重工
600170.sh,上海建工
600171.sh,上海贝岭
600172.sh,黄河旋风
600173.sh,卧龙地产
600175.sh,美都能源
600176.sh,中国巨石
600177.sh,雅戈尔
600178.sh,东安动力
600179.sh,黑化股份
600180.sh,瑞茂通
600181.sh,S*ST云大
600182.sh,S佳通
600183.sh,生益科技
600184.sh,光电股份
600185.sh,格力地产
600186.sh,莲花味精
600187.sh,国中水务
600188.sh,兖州煤业
600189.sh,吉林森工
600190.sh,锦州港
600191.sh,华资实业
600192.sh,长城电工
600193.sh,创兴资源
600195.sh,中牧股份
600196.sh,复星医药
600197.sh,伊力特
600198.sh,大唐电信
600199.sh,金种子酒
600200.sh,江苏吴中
600201.sh,金宇集团
600202.sh,哈空调
600203.sh,福日电子
600205.sh,S山东铝
600206.sh,有研新材
600207.sh,安彩高科
600208.sh,新湖中宝
600209.sh,罗顿发展
600210.sh,紫江企业
600211.sh,西藏药业
600212.sh,江泉实业
600213.sh,亚星客车
600215.sh,长春经开
600216.sh,浙江医药
600217.sh,*ST秦岭
600218.sh,全柴动力
600219.sh,南山铝业
600220.sh,江苏阳光
600221.sh,海南航空
600222.sh,太龙药业
600223.sh,鲁商置业
600225.sh,天津松江
600226.sh,升华拜克
600227.sh,赤天化
600228.sh,昌九生化
600229.sh,青岛碱业
600230.sh,沧州大化
600231.sh,凌钢股份
600232.sh,金鹰股份
600233.sh,大杨创世
600234.sh,山水文化
600235.sh,民丰特纸
600236.sh,桂冠电力
600237.sh,铜峰电子
600238.sh,海南椰岛
600239.sh,云南城投
600240.sh,华业地产
600241.sh,时代万恒
600242.sh,*ST中昌
600243.sh,青海华鼎
600246.sh,万通地产
600247.sh,*ST成城
600248.sh,延长化建
600249.sh,两面针
600250.sh,南纺股份
600251.sh,冠农股份
600252.sh,中恒集团
600253.sh,天方药业
600255.sh,鑫科材料
600256.sh,广汇能源
600257.sh,大湖股份
600258.sh,首旅酒店
600259.sh,广晟有色
600260.sh,凯乐科技
600261.sh,阳光照明
600262.sh,北方股份
600263.sh,路桥建设
600265.sh,ST景谷
600266.sh,北京城建
600267.sh,海正药业
600268.sh,国电南自
600269.sh,赣粤高速
600270.sh,外运发展
600271.sh,航天信息
600272.sh,开开实业
600273.sh,嘉化能源
600275.sh,武昌鱼
600276.sh,DR恒瑞医
600277.sh,亿利能源
600278.sh,东方创业
600279.sh,重庆港九
600280.sh,中央商场
600281.sh,太化股份
600282.sh,南钢股份
600283.sh,钱江水利
600284.sh,浦东建设
600285.sh,羚锐制药
600286.sh,S*ST国瓷
600287.sh,江苏舜天
600288.sh,大恒科技
600289.sh,亿阳信通
600290.sh,华仪电气
600291.sh,西水股份
600292.sh,中电远达
600293.sh,三峡新材
600295.sh,鄂尔多斯
600296.sh,S兰铝
600297.sh,美罗药业
600298.sh,安琪酵母
600299.sh,蓝星新材
600300.sh,维维股份
600301.sh,*ST南化
600302.sh,标准股份
600303.sh,曙光股份
600305.sh,恒顺醋业
600306.sh,商业城
600307.sh,酒钢宏兴
600308.sh,华泰股份
600309.sh,万华化学
600310.sh,桂东电力
600311.sh,荣华实业
600312.sh,平高电气
600313.sh,农发种业
600315.sh,上海家化
600316.sh,洪都航空
600317.sh,营口港
600318.sh,巢东股份
600319.sh,亚星化学
600320.sh,振华重工
600321.sh,国栋建设
600322.sh,天房发展
600323.sh,瀚蓝环境
600325.sh,华发股份
600326.sh,西藏天路
600327.sh,大东方
600328.sh,兰太实业
600329.sh,中新药业
600330.sh,天通股份
600331.sh,宏达股份
600332.sh,白云山
600333.sh,长春燃气
600335.sh,国机汽车
600336.sh,澳柯玛
600337.sh,美克家居
600338.sh,西藏珠峰
600339.sh,天利高新
600340.sh,华夏幸福
600343.sh,航天动力
600345.sh,长江通信
600346.sh,大橡塑
600348.sh,阳泉煤业
600349.sh,富通昭和
600350.sh,山东高速
600351.sh,亚宝药业
600352.sh,浙江龙盛
600353.sh,旭光股份
600354.sh,敦煌种业
600355.sh,精伦电子
600356.sh,恒丰纸业
600357.sh,承德钒钛
600358.sh,国旅联合
600359.sh,新农开发
600360.sh,华微电子
600361.sh,华联综超
600362.sh,江西铜业
600363.sh,联创光电
600365.sh,通葡股份
600366.sh,宁波韵升
600367.sh,红星发展
600368.sh,五洲交通
600369.sh,西南证券
600370.sh,三房巷
600371.sh,万向德农
600372.sh,中航电子
600373.sh,中文传媒
600375.sh,华菱星马
600376.sh,首开股份
600377.sh,宁沪高速
600378.sh,天科股份
600379.sh,宝光股份
600380.sh,健康元
600381.sh,青海春天
600382.sh,广东明珠
600383.sh,金地集团
600385.sh,山东金泰
600386.sh,北巴传媒
600387.sh,海越股份
600388.sh,龙净环保
600389.sh,江山股份
600390.sh,金瑞科技
600391.sh,成发科技
600392.sh,盛和资源
600393.sh,东华实业
600395.sh,盘江股份
600396.sh,金山股份
600397.sh,安源煤业
600398.sh,海澜之家
600399.sh,抚顺特钢
600400.sh,红豆股份
600401.sh,*ST海润
600403.sh,大有能源
600405.sh,动力源
600406.sh,国电南瑞
600408.sh,*ST安泰
600409.sh,三友化工
600410.sh,华胜天成
600415.sh,小商品城
600416.sh,湘电股份
600418.sh,江淮汽车
600419.sh,天润乳业
600420.sh,现代制药
600421.sh,仰帆控股
600422.sh,昆药集团
600423.sh,柳化股份
600425.sh,青松建化
600426.sh,华鲁恒升
600428.sh,中远航运
600429.sh,三元股份
600432.sh,吉恩镍业
600433.sh,冠豪高新
600435.sh,北方导航
600436.sh,片仔癀
600438.sh,通威股份
600439.sh,瑞贝卡
600444.sh,*ST国通
600446.sh,金证股份
600448.sh,华纺股份
600449.sh,宁夏建材
600452.sh,涪陵电力
600455.sh,博通股份
600456.sh,宝钛股份
600458.sh,时代新材
600459.sh,贵研铂业
600460.sh,士兰微
600461.sh,洪城水业
600462.sh,石岘纸业
600463.sh,空港股份
600466.sh,蓝光发展
600467.sh,好当家
600468.sh,百利电气
600469.sh,风神股份
600470.sh,六国化工
600472.sh,包头铝业
600475.sh,华光股份
600476.sh,湘邮科技
600477.sh,杭萧钢构
600478.sh,科力远
600479.sh,千金药业
600480.sh,凌云股份
600481.sh,双良节能
600482.sh,风帆股份
600483.sh,福能股份
600485.sh,信威集团
600486.sh,扬农化工
600487.sh,亨通光电
600488.sh,天药股份
600489.sh,中金黄金
600490.sh,鹏欣资源
600491.sh,龙元建设
600493.sh,凤竹纺织
600495.sh,晋西车轴
600496.sh,精工钢构
600497.sh,驰宏锌锗
600498.sh,烽火通信
600499.sh,科达洁能
600500.sh,中化国际
600501.sh,航天晨光
600502.sh,安徽水利
600503.sh,华丽家族
600505.sh,西昌电力
600506.sh,香梨股份
600507.sh,方大特钢
600508.sh,上海能源
600509.sh,天富能源
600510.sh,黑牡丹
600511.sh,国药股份
600512.sh,腾达建设
600513.sh,联环药业
600515.sh,海岛建设
600516.sh,方大炭素
600517.sh,置信电气
600518.sh,康美药业
600519.sh,贵州茅台
600520.sh,中发科技
600521.sh,华海药业
600522.sh,中天科技
600523.sh,贵航股份
600525.sh,长园集团
600526.sh,菲达环保
600527.sh,江南高纤
600528.sh,中铁二局
600529.sh,山东药玻
600530.sh,交大昂立
600531.sh,豫光金铅
600532.sh,XD宏达矿
600533.sh,栖霞建设
600535.sh,天士力
600536.sh,中国软件
600537.sh,亿晶光电
600538.sh,国发股份
600539.sh,*ST狮头
600540.sh,新赛股份
600543.sh,莫高股份
600545.sh,新疆城建
600546.sh,山煤国际
600547.sh,山东黄金
600548.sh,深高速
600549.sh,厦门钨业
600550.sh,保变电气
600551.sh,时代出版
600552.sh,方兴科技
600553.sh,太行水泥
600555.sh,九龙山
600556.sh,慧球科技
600557.sh,康缘药业
600558.sh,大西洋
600559.sh,老白干酒
600560.sh,金自天正
600561.sh,江西长运
600562.sh,国睿科技
600563.sh,法拉电子
600565.sh,迪马股份
600566.sh,济川药业
600567.sh,山鹰纸业
600568.sh,中珠控股
600569.sh,安阳钢铁
600570.sh,恒生电子
600571.sh,信雅达
600572.sh,康恩贝
600573.sh,惠泉啤酒
600575.sh,皖江物流
600576.sh,万好万家
600577.sh,精达股份
600578.sh,京能电力
600579.sh,天华院
600580.sh,卧龙电气
600581.sh,八一钢铁
600582.sh,天地科技
600583.sh,海油工程
600584.sh,长电科技
600585.sh,海螺水泥
600586.sh,金晶科技
600587.sh,新华医疗
600588.sh,用友网络
600589.sh,广东榕泰
600590.sh,泰豪科技
600591.sh,*ST上航
600592.sh,龙溪股份
600593.sh,大连圣亚
600594.sh,益佰制药
600595.sh,中孚实业
600596.sh,新安股份
600597.sh,光明乳业
600598.sh,北大荒
600599.sh,熊猫金控
600600.sh,青岛啤酒
600601.sh,方正科技
600602.sh,仪电电子
600603.sh,大洲兴业
600604.sh,市北高新
600605.sh,汇通能源
600606.sh,金丰投资
600607.sh,上实医药
600608.sh,*ST沪科
600609.sh,金杯汽车
600610.sh,中毅达
600611.sh,大众交通
600612.sh,老凤祥
600613.sh,神奇制药
600614.sh,鼎立股份
600615.sh,丰华股份
600616.sh,金枫酒业
600617.sh,国新能源
600618.sh,氯碱化工
600619.sh,海立股份
600620.sh,天宸股份
600621.sh,华鑫股份
600622.sh,嘉宝集团
600623.sh,双钱股份
600624.sh,复旦复华
600625.sh,PT水仙
600626.sh,申达股份
600627.sh,上电股份
600628.sh,新世界
600629.sh,棱光实业
600630.sh,龙头股份
600631.sh,百联股份
600632.sh,华联商厦
600633.sh,浙报传媒
600634.sh,中技控股
600635.sh,大众公用
600636.sh,三爱富
600637.sh,百视通
600638.sh,新黄浦
600639.sh,浦东金桥
600640.sh,号百控股
600641.sh,万业企业
600642.sh,申能股份
600643.sh,爱建股份
600644.sh,*ST乐电
600645.sh,中源协和
600646.sh,ST国嘉
600647.sh,同达创业
600648.sh,外高桥
600649.sh,城投控股
600650.sh,锦江投资
600651.sh,飞乐音响
600652.sh,游久游戏
600653.sh,申华控股
600654.sh,中安消
600655.sh,豫园商城
600656.sh,*ST博元
600657.sh,信达地产
600658.sh,电子城
600659.sh,*ST花雕
600660.sh,福耀玻璃
600661.sh,新南洋
600662.sh,强生控股
600663.sh,陆家嘴
600664.sh,哈药股份
600665.sh,天地源
600666.sh,西南药业
600667.sh,太极实业
600668.sh,尖峰集团
600669.sh,*ST鞍成
600670.sh,*ST斯达
600671.sh,天目药业
600672.sh,*ST华圣
600673.sh,东阳光科
600674.sh,川投能源
600675.sh,中华企业
600676.sh,交运股份
600677.sh,航天通信
600678.sh,四川金顶
600679.sh,金山开发
600680.sh,上海普天
600681.sh,万鸿集团
600682.sh,南京新百
600683.sh,京投银泰
600684.sh,珠江实业
600685.sh,中船防务
600686.sh,金龙汽车
600687.sh,刚泰控股
600688.sh,上海石化
600689.sh,上海三毛
600690.sh,青岛海尔
600691.sh,*ST阳化
600692.sh,亚通股份
600693.sh,东百集团
600694.sh,大商股份
600695.sh,绿庭投资
600696.sh,多伦股份
600697.sh,欧亚集团
600698.sh,湖南天雁
600699.sh,均胜电子
600700.sh,*ST数码
600701.sh,工大高新
600702.sh,沱牌舍得
600703.sh,三安光电
600704.sh,物产中大
600705.sh,中航资本
600706.sh,曲江文旅
600707.sh,彩虹股份
600708.sh,海博股份
600709.sh,ST生态
600710.sh,*ST常林
600711.sh,盛屯矿业
600712.sh,南宁百货
600713.sh,南京医药
600714.sh,金瑞矿业
600715.sh,*ST松辽
600716.sh,凤凰股份
600717.sh,天津港
600718.sh,东软集团
600719.sh,大连热电
600720.sh,祁连山
600721.sh,百花村
600722.sh,*ST金化
600723.sh,首商股份
600724.sh,宁波富达
600725.sh,云维股份
600726.sh,华电能源
600727.sh,鲁北化工
600728.sh,佳都科技
600729.sh,重庆百货
600730.sh,中国高科
600731.sh,湖南海利
600732.sh,*ST新梅
600733.sh,S前锋
600734.sh,实达集团
600735.sh,新华锦
600736.sh,苏州高新
600737.sh,中粮屯河
600738.sh,兰州民百
600739.sh,辽宁成大
600740.sh,山西焦化
600741.sh,华域汽车
600742.sh,一汽富维
600743.sh,华远地产
600744.sh,华银电力
600745.sh,中茵股份
600746.sh,江苏索普
600747.sh,大连控股
600748.sh,上实发展
600749.sh,西藏旅游
600750.sh,江中药业
600751.sh,天津海运
600752.sh,*ST哈慈
600753.sh,东方银星
600754.sh,锦江股份
600755.sh,厦门国贸
600756.sh,浪潮软件
600757.sh,长江传媒
600758.sh,红阳能源
600759.sh,洲际油气
600760.sh,中航黑豹
600761.sh,安徽合力
600762.sh,S*ST金荔
600763.sh,通策医疗
600764.sh,中电广通
600765.sh,中航重机
600766.sh,园城黄金
600767.sh,运盛实业
600768.sh,宁波富邦
600769.sh,祥龙电业
600770.sh,综艺股份
600771.sh,广誉远
600772.sh,S*ST龙昌
600773.sh,西藏城投
600774.sh,汉商集团
600775.sh,南京熊猫
600776.sh,东方通信
600777.sh,新潮实业
600778.sh,友好集团
600779.sh,*ST水井
600780.sh,通宝能源
600781.sh,辅仁药业
600782.sh,新钢股份
600783.sh,鲁信创投
600784.sh,鲁银投资
600785.sh,新华百货
600786.sh,东方锅炉
600787.sh,中储股份
600788.sh,*ST达曼
600789.sh,鲁抗医药
600790.sh,轻纺城
600791.sh,京能置业
600792.sh,云煤能源
600793.sh,ST宜纸
600794.sh,保税科技
600795.sh,国电电力
600796.sh,钱江生化
600797.sh,浙大网新
600798.sh,宁波海运
600799.sh,*ST龙科
600800.sh,天津磁卡
600801.sh,华新水泥
600802.sh,福建水泥
600803.sh,新奥股份
600804.sh,鹏博士
600805.sh,悦达投资
600806.sh,昆明机床
600807.sh,天业股份
600808.sh,马钢股份
600809.sh,山西汾酒
600810.sh,神马股份
600811.sh,东方集团
600812.sh,华北制药
600813.sh,ST鞍一工
600814.sh,杭州解百
600815.sh,厦工股份
600816.sh,安信信托
600817.sh,ST宏盛
600818.sh,中路股份
600819.sh,耀皮玻璃
600820.sh,隧道股份
600821.sh,津劝业
600822.sh,上海物贸
600823.sh,世茂股份
600824.sh,益民集团
600825.sh,新华传媒
600826.sh,兰生股份
600827.sh,百联股份
600828.sh,成商集团
600829.sh,人民同泰
600830.sh,香溢融通
600831.sh,广电网络
600832.sh,东方明珠
600833.sh,第一医药
600834.sh,申通地铁
600835.sh,上海机电
600836.sh,界龙实业
600837.sh,海通证券
600838.sh,上海九百
600839.sh,四川长虹
600840.sh,新湖创业
600841.sh,上柴股份
600842.sh,中西药业
600843.sh,上工申贝
600844.sh,丹化科技
600845.sh,宝信软件
600846.sh,同济科技
600847.sh,万里股份
600848.sh,自仪股份
600849.sh,上药转换
600850.sh,华东电脑
600851.sh,海欣股份
600852.sh,*ST中川
600853.sh,龙建股份
600854.sh,春兰股份
600855.sh,航天长峰
600856.sh,长百集团
600857.sh,宁波中百
600858.sh,银座股份
600859.sh,王府井
600860.sh,京城股份
600861.sh,北京城乡
600862.sh,南通科技
600863.sh,内蒙华电
600864.sh,哈投股份
600865.sh,百大集团
600866.sh,星湖科技
600867.sh,通化东宝
600868.sh,梅雁吉祥
600869.sh,智慧能源
600870.sh,*ST厦华
600871.sh,石化油服
600872.sh,中炬高新
600873.sh,梅花生物
600874.sh,创业环保
600875.sh,东方电气
600876.sh,洛阳玻璃
600877.sh,中国嘉陵
600878.sh,*ST北科
600879.sh,航天电子
600880.sh,博瑞传播
600881.sh,亚泰集团
600882.sh,华联矿业
600883.sh,博闻科技
600884.sh,杉杉股份
600885.sh,宏发股份
600886.sh,国投电力
600887.sh,伊利股份
600888.sh,新疆众和
600889.sh,南京化纤
600890.sh,中房股份
600891.sh,秋林集团
600892.sh,宝诚股份
600893.sh,中航动力
600894.sh,广日股份
600895.sh,张江高科
600896.sh,中海海盛
600897.sh,厦门空港
600898.sh,三联商社
600899.sh,*ST信联
600900.sh,长江电力
600917.sh,重庆燃气
600958.sh,东方证券
600959.sh,江苏有线
600960.sh,渤海活塞
600961.sh,株冶集团
600962.sh,*ST中鲁
600963.sh,岳阳林纸
600965.sh,福成五丰
600966.sh,博汇纸业
600967.sh,北方创业
600969.sh,郴电国际
600970.sh,中材国际
600971.sh,恒源煤电
600973.sh,宝胜股份
600975.sh,新五丰
600976.sh,健民集团
600978.sh,宜华木业
600979.sh,广安爱众
600980.sh,北矿磁材
600981.sh,汇鸿股份
600982.sh,宁波热电
600983.sh,惠而浦
600984.sh,*ST建机
600985.sh,雷鸣科化
600986.sh,科达股份
600987.sh,航民股份
600988.sh,赤峰黄金
600990.sh,四创电子
600991.sh,广汽长丰
600992.sh,贵绳股份
600993.sh,马应龙
600995.sh,文山电力
600997.sh,开滦股份
600998.sh,九州通
600999.sh,招商证券
601000.sh,唐山港
601001.sh,大同煤业
601002.sh,晋亿实业
601003.sh,柳钢股份
601005.sh,重庆钢铁
601006.sh,大秦铁路
601007.sh,金陵饭店
601008.sh,连云港
601009.sh,南京银行
601010.sh,文峰股份
601011.sh,宝泰隆
601012.sh,隆基股份
601015.sh,陕西黑猫
601016.sh,节能风电
601018.sh,宁波港
601021.sh,春秋航空
601028.sh,玉龙股份
601038.sh,一拖股份
601058.sh,赛轮金宇
601069.sh,西部黄金
601088.sh,XD中国神
601098.sh,XD中南传
601099.sh,太平洋
601100.sh,恒立油缸
601101.sh,昊华能源
601106.sh,中国一重
601107.sh,四川成渝
601111.sh,中国国航
601113.sh,华鼎股份
601116.sh,三江购物
601117.sh,中国化学
601118.sh,海南橡胶
601126.sh,四方股份
601137.sh,博威合金
601139.sh,深圳燃气
601158.sh,重庆水务
601166.sh,兴业银行
601168.sh,西部矿业
601169.sh,北京银行
601177.sh,杭齿前进
601179.sh,中国西电
601186.sh,中国铁建
601188.sh,龙江交通
601198.sh,东兴证券
601199.sh,江南水务
601208.sh,东材科技
601211.sh,国泰君安
601216.sh,内蒙君正
601218.sh,吉鑫科技
601222.sh,林洋电子
601225.sh,陕西煤业
601226.sh,华电重工
601231.sh,环旭电子
601233.sh,桐昆股份
601238.sh,广汽集团
601258.sh,庞大集团
601268.sh,*ST二重
601288.sh,农业银行
601299.sh,中国北车
601311.sh,骆驼股份
601313.sh,江南嘉捷
601318.sh,中国平安
601328.sh,交通银行
601333.sh,广深铁路
601336.sh,新华保险
601339.sh,百隆东方
601368.sh,绿城水务
601369.sh,陕鼓动力
601377.sh,兴业证券
601388.sh,怡球资源
601390.sh,中国中铁
601398.sh,工商银行
601515.sh,东风股份
601518.sh,吉林高速
601519.sh,大智慧
601555.sh,东吴证券
601558.sh,华锐风电
601566.sh,九牧王
601567.sh,三星电气
601579.sh,会稽山
601588.sh,北辰实业
601599.sh,鹿港科技
601600.sh,中国铝业
601601.sh,中国太保
601607.sh,上海医药
601608.sh,中信重工
601616.sh,广电电气
601618.sh,中国中冶
601628.sh,中国人寿
601633.sh,长城汽车
601636.sh,旗滨集团
601666.sh,平煤股份
601668.sh,中国建筑
601669.sh,中国电建
601677.sh,明泰铝业
601678.sh,滨化股份
601688.sh,华泰证券
601689.sh,拓普集团
601699.sh,潞安环能
601700.sh,风范股份
601717.sh,郑煤机
601718.sh,际华集团
601727.sh,上海电气
601766.sh,中国中车
601777.sh,力帆股份
601788.sh,光大证券
601789.sh,宁波建工
601798.sh,蓝科高新
601799.sh,星宇股份
601800.sh,中国交建
601801.sh,皖新传媒
601808.sh,中海油服
601818.sh,光大银行
601857.sh,中国石油
601866.sh,中海集运
601872.sh,招商轮船
601877.sh,正泰电器
601880.sh,大连港
601886.sh,XD江河创
601888.sh,中国国旅
601890.sh,亚星锚链
601898.sh,中煤能源
601899.sh,紫金矿业
601901.sh,方正证券
601908.sh,京运通
601918.sh,国投新集
601919.sh,中国远洋
601928.sh,凤凰传媒
601929.sh,吉视传媒
601933.sh,永辉超市
601939.sh,建设银行
601958.sh,金钼股份
601965.sh,中国汽研
601968.sh,宝钢包装
601969.sh,海南矿业
601985.sh,中国核电
601988.sh,中国银行
601989.sh,中国重工
601991.sh,大唐发电
601992.sh,金隅股份
601996.sh,丰林集团
601998.sh,中信银行
601999.sh,出版传媒
603000.sh,人民网
603001.sh,奥康国际
603002.sh,宏昌电子
603003.sh,龙宇燃油
603005.sh,晶方科技
603006.sh,联明股份
603008.sh,喜临门
603009.sh,北特科技
603010.sh,万盛股份
603011.sh,合锻股份
603012.sh,创力集团
603015.sh,弘讯科技
603017.sh,园区设计
603018.sh,设计股份
603019.sh,中科曙光
603020.sh,爱普股份
603021.sh,山东华鹏
603022.sh,新通联
603023.sh,威帝股份
603025.sh,大豪科技
603026.sh,石大胜华
603030.sh,全筑股份
603066.sh,音飞储存
603077.sh,和邦股份
603085.sh,天成自控
603088.sh,宁波精达
603099.sh,长白山
603100.sh,川仪股份
603108.sh,润达医疗
603111.sh,康尼机电
603116.sh,红蜻蜓
603117.sh,万林股份
603118.sh,共进股份
603123.sh,翠微股份
603126.sh,中材节能
603128.sh,华贸物流
603158.sh,腾龙股份
603166.sh,福达股份
603167.sh,渤海轮渡
603168.sh,莎普爱思
603169.sh,兰石重装
603188.sh,亚邦股份
603198.sh,迎驾贡酒
603199.sh,九华旅游
603222.sh,济民制药
603223.sh,恒通股份
603227.sh,雪峰科技
603268.sh,松发股份
603288.sh,海天味业
603300.sh,华铁科技
603306.sh,华懋科技
603308.sh,应流股份
603309.sh,维力医疗
603311.sh,金海环境
603315.sh,福鞍股份
603318.sh,派思股份
603328.sh,依顿电子
603333.sh,明星电缆
603338.sh,浙江鼎力
603355.sh,莱克电气
603366.sh,日出东方
603368.sh,柳州医药
603369.sh,今世缘
603399.sh,新华龙
603456.sh,九洲药业
603518.sh,维格娜丝
603519.sh,立霸股份
603555.sh,XD贵人鸟
603558.sh,健盛集团
603566.sh,普莱柯
603567.sh,珍宝岛
603568.sh,伟明环保
603588.sh,高能环境
603589.sh,口子窖
603598.sh,引力传媒
603599.sh,广信股份
603600.sh,永艺股份
603601.sh,再升科技
603606.sh,东方电缆
603609.sh,禾丰牧业
603611.sh,诺力股份
603616.sh,韩建河山
603618.sh,杭电股份
603636.sh,南威软件
603669.sh,灵康药业
603678.sh,火炬电子
603686.sh,龙马环卫
603688.sh,XD石英股
603698.sh,航天工程
603699.sh,纽威股份
603703.sh,盛洋科技
603718.sh,海利生物
603729.sh,龙韵股份
603766.sh,隆鑫通用
603788.sh,宁波高发
603789.sh,星光农机
603799.sh,华友钴业
603806.sh,福斯特
603808.sh,歌力思
603818.sh,曲美股份
603828.sh,柯利达
603838.sh,四通股份
603869.sh,北部湾旅
603883.sh,老百姓
603885.sh,吉祥航空
603889.sh,新澳股份
603898.sh,好莱客
603899.sh,晨光文具
603901.sh,永创智能
603918.sh,金桥信息
603939.sh,益丰药房
603968.sh,醋化股份
603969.sh,银龙股份
603979.sh,金诚信
603988.sh,中电电机
603989.sh,艾华集团
603993.sh,洛阳钼业
603997.sh,继峰股份
603998.sh,方盛制药
900901.sh,仪电B股
900902.sh,市北B股
900903.sh,大众B股
900904.sh,神奇B股
900905.sh,老凤祥B
900906.sh,中毅达B
900907.sh,鼎立B股
900908.sh,氯碱B股
900909.sh,双钱B股
900910.sh,海立B股
900911.sh,金桥B股
900912.sh,外高B股
900913.sh,国新B股
900914.sh,锦投B股
900915.sh,中路B股
900916.sh,金山B股
900917.sh,海欣B股
900918.sh,耀皮B股
900919.sh,绿庭B股
900920.sh,上柴B股
900921.sh,丹科B股
900922.sh,三毛B股
900923.sh,百联B股
900924.sh,上工B股
900925.sh,机电B股
900926.sh,宝信B
900927.sh,物贸B股
900928.sh,自仪B股
900929.sh,锦旅B股
900930.sh,沪普天B
900931.sh,PT水仙B
900932.sh,陆家B股
900933.sh,华新B股
900934.sh,锦江B股
900935.sh,阳晨B股
900936.sh,鄂资B股
900937.sh,华电B股
900938.sh,天海B
900939.sh,汇丽B
900940.sh,大名城B
900941.sh,东信B股
900942.sh,黄山B股
900943.sh,开开B股
900945.sh,海航B股
900946.sh,天雁B股
900947.sh,振华B股
900948.sh,伊泰B股
900949.sh,东电B股
900950.sh,新城B股
900951.sh,大化B股
900952.sh,锦港B股
900953.sh,凯马B
900955.sh,九龙山B
900956.sh,东贝B股
900957.sh,凌云B股
000001.sz,平安银行
000002.sz,万科A
000003.sz,PT金田A
000004.sz,国农科技
000005.sz,世纪星源
000006.sz,深振业A
000007.sz,零七股份
000008.sz,神州高铁
000009.sz,中国宝安
000010.sz,深华新
000011.sz,深物业A
000012.sz,南玻A
000013.sz,*ST石化A
000014.sz,沙河股份
000015.sz,PT中浩A
000016.sz,深康佳A
000017.sz,深中华A
000018.sz,中冠A
000019.sz,深深宝A
000020.sz,深华发A
000021.sz,深科技
000022.sz,深赤湾A
000023.sz,深天地A
000024.sz,招商地产
000025.sz,特力A
000026.sz,飞亚达A
000027.sz,深圳能源
000028.sz,国药一致
000029.sz,深深房A
000030.sz,富奥股份
000031.sz,中粮地产
000032.sz,深桑达A
000033.sz,*ST新都
000034.sz,深信泰丰
000035.sz,中国天楹
000036.sz,华联控股
000037.sz,深南电A
000038.sz,深大通
000039.sz,中集集团
000040.sz,宝安地产
000042.sz,中洲控股
000043.sz,中航地产
000045.sz,深纺织A
000046.sz,泛海控股
000047.sz,ST中侨
000048.sz,康达尔
000049.sz,德赛电池
000050.sz,深天马A
000055.sz,方大集团
000056.sz,深国商
000058.sz,深赛格
000059.sz,*ST华锦
000060.sz,中金岭南
000061.sz,农产品
000062.sz,深圳华强
000063.sz,中兴通讯
000065.sz,北方国际
000066.sz,长城电脑
000068.sz,*ST华赛
000069.sz,华侨城A
000070.sz,特发信息
000078.sz,海王生物
000088.sz,盐田港
000089.sz,深圳机场
000090.sz,天健集团
000096.sz,广聚能源
000099.sz,中信海直
000100.sz,TCL集团
000150.sz,宜华健康
000151.sz,中成股份
000153.sz,丰原药业
000155.sz,*ST川化
000156.sz,华数传媒
000157.sz,中联重科
000158.sz,常山股份
000159.sz,国际实业
000166.sz,申万宏源
000301.sz,东方市场
000333.sz,美的集团
000338.sz,潍柴动力
000400.sz,许继电气
000401.sz,冀东水泥
000402.sz,金融街
000403.sz,ST生化
000404.sz,华意压缩
000405.sz,ST鑫光
000406.sz,石油大明
000407.sz,胜利股份
000408.sz,金谷源
000409.sz,山东地矿
000410.sz,沈阳机床
000411.sz,英特集团
000412.sz,ST五环
000413.sz,东旭光电
000415.sz,渤海租赁
000416.sz,民生控股
000417.sz,合肥百货
000418.sz,小天鹅A
000419.sz,通程控股
000420.sz,吉林化纤
000421.sz,南京中北
000422.sz,湖北宜化
000423.sz,东阿阿胶
000425.sz,徐工机械
000426.sz,兴业矿业
000428.sz,华天酒店
000429.sz,粤高速A
000430.sz,张家界
000488.sz,晨鸣纸业
000498.sz,山东路桥
000501.sz,鄂武商A
000502.sz,绿景控股
000503.sz,海虹控股
000504.sz,南华生物
000505.sz,珠江控股
000506.sz,中润资源
000507.sz,珠海港
000508.sz,琼民源A
000509.sz,华塑控股
000510.sz,*ST金路
000511.sz,烯碳新材
000513.sz,丽珠集团
000514.sz,渝开发
000515.sz,攀渝钛业
000516.sz,国际医学
000517.sz,荣安地产
000518.sz,四环生物
000519.sz,江南红箭
000520.sz,*ST凤凰
000521.sz,美菱电器
000522.sz,白云山A
000523.sz,广州浪奇
000524.sz,东方宾馆
000525.sz,红太阳
000526.sz,银润投资
000527.sz,美的电器
000528.sz,柳工
000529.sz,广弘控股
000530.sz,大冷股份
000531.sz,穗恒运A
000532.sz,力合股份
000533.sz,万家乐
000534.sz,万泽股份
000535.sz,*ST猴王
000536.sz,华映科技
000537.sz,广宇发展
000538.sz,云南白药
000539.sz,粤电力A
000540.sz,中天城投
000541.sz,佛山照明
000542.sz,TCL通讯
000543.sz,皖能电力
000544.sz,中原环保
000545.sz,金浦钛业
000546.sz,金圆股份
000547.sz,闽福发A
000548.sz,湖南投资
000549.sz,S湘火炬
000550.sz,江铃汽车
000551.sz,创元科技
000552.sz,靖远煤电
000553.sz,沙隆达A
000554.sz,泰山石油
000555.sz,神州信息
000556.sz,PT南洋
000557.sz,*ST广夏
000558.sz,莱茵置业
000559.sz,万向钱潮
000560.sz,昆百大A
000561.sz,烽火电子
000562.sz,宏源证券
000563.sz,陕国投A
000564.sz,西安民生
000565.sz,渝三峡A
000566.sz,海南海药
000567.sz,海德股份
000568.sz,泸州老窖
000569.sz,长城股份
000570.sz,苏常柴A
000571.sz,新大洲A
000572.sz,海马汽车
000573.sz,粤宏远A
000576.sz,广东甘化
000578.sz,盐湖集团
000581.sz,威孚高科
000582.sz,北部湾港
000583.sz,S*ST托普
000584.sz,友利控股
000585.sz,东北电气
000586.sz,汇源通信
000587.sz,金叶珠宝
000588.sz,PT粤金曼
000589.sz,黔轮胎A
000590.sz,*ST古汉
000591.sz,桐君阁
000592.sz,平潭发展
000593.sz,大通燃气
000594.sz,国恒退
000595.sz,宝塔实业
000596.sz,古井贡酒
000597.sz,东北制药
000598.sz,兴蓉投资
000599.sz,青岛双星
000600.sz,建投能源
000601.sz,韶能股份
000602.sz,金马集团
000603.sz,盛达矿业
000605.sz,渤海股份
000606.sz,青海明胶
000607.sz,华媒控股
000608.sz,阳光股份
000609.sz,绵世股份
000610.sz,西安旅游
000611.sz,*ST蒙发
000612.sz,焦作万方
000613.sz,大东海A
000615.sz,湖北金环
000616.sz,海航投资
000617.sz,石油济柴
000618.sz,吉林化工
000619.sz,海螺型材
000620.sz,新华联
000621.sz,*ST比特
000622.sz,恒立实业
000623.sz,吉林敖东
000625.sz,长安汽车
000626.sz,如意集团
000627.sz,天茂集团
000628.sz,高新发展
000629.sz,攀钢钒钛
000630.sz,铜陵有色
000631.sz,顺发恒业
000632.sz,三木集团
000633.sz,合金投资
000635.sz,英力特
000636.sz,风华高科
000637.sz,茂化实华
000638.sz,万方发展
000639.sz,西王食品
000650.sz,仁和药业
000651.sz,格力电器
000652.sz,泰达股份
000653.sz,ST九州
000655.sz,金岭矿业
000656.sz,金科股份
000657.sz,中钨高新
000658.sz,ST海洋
000659.sz,*ST中富
000660.sz,*ST南华
000661.sz,长春高新
000662.sz,索芙特
000663.sz,永安林业
000665.sz,湖北广电
000666.sz,经纬纺机
000667.sz,美好集团
000668.sz,荣丰控股
000669.sz,金鸿能源
000670.sz,盈方微
000671.sz,阳光城
000672.sz,上峰水泥
000673.sz,当代东方
000675.sz,ST银山
000676.sz,智度投资
000677.sz,*ST海龙
000678.sz,襄阳轴承
000679.sz,大连友谊
000680.sz,山推股份
000681.sz,视觉中国
000682.sz,东方电子
000683.sz,远兴能源
000685.sz,中山公用
000686.sz,东北证券
000687.sz,恒天天鹅
000688.sz,建新矿业
000689.sz,ST宏业
000690.sz,宝新能源
000691.sz,亚太实业
000692.sz,惠天热电
000693.sz,华泽钴镍
000695.sz,滨海能源
000697.sz,炼石有色
000698.sz,沈阳化工
000699.sz,S*ST佳纸
000700.sz,模塑科技
000701.sz,厦门信达
000702.sz,正虹科技
000703.sz,恒逸石化
000705.sz,浙江震元
000707.sz,双环科技
000708.sz,大冶特钢
000709.sz,河北钢铁
000710.sz,天兴仪表
000711.sz,*ST京蓝
000712.sz,锦龙股份
000713.sz,丰乐种业
000715.sz,中兴商业
000716.sz,黑芝麻
000717.sz,韶钢松山
000718.sz,苏宁环球
000719.sz,大地传媒
000720.sz,新能泰山
000721.sz,西安饮食
000722.sz,湖南发展
000723.sz,美锦能源
000725.sz,京东方A
000726.sz,鲁泰A
000727.sz,华东科技
000728.sz,国元证券
000729.sz,燕京啤酒
000730.sz,*ST环保
000731.sz,四川美丰
000732.sz,泰禾集团
000733.sz,振华科技
000735.sz,罗牛山
000736.sz,中房地产
000737.sz,南风化工
000738.sz,中航动控
000739.sz,普洛药业
000748.sz,长城信息
000750.sz,国海证券
000751.sz,锌业股份
000752.sz,西藏发展
000753.sz,漳州发展
000755.sz,山西三维
000756.sz,新华制药
000757.sz,浩物股份
000758.sz,中色股份
000759.sz,中百集团
000760.sz,斯太尔
000761.sz,本钢板材
000762.sz,西藏矿业
000763.sz,锦州石化
000765.sz,*ST华信
000766.sz,通化金马
000767.sz,漳泽电力
000768.sz,中航飞机
000769.sz,*ST大菲
000776.sz,广发证券
000777.sz,中核科技
000778.sz,新兴铸管
000779.sz,三毛派神
000780.sz,平庄能源
000782.sz,美达股份
000783.sz,长江证券
000785.sz,武汉中商
000786.sz,北新建材
000787.sz,*ST创智
000788.sz,北大医药
000789.sz,万年青
000790.sz,华神集团
000791.sz,甘肃电投
000792.sz,盐湖股份
000793.sz,华闻传媒
000795.sz,太原刚玉
000796.sz,易食股份
000797.sz,中国武夷
000798.sz,中水渔业
000799.sz,*ST酒鬼
000800.sz,一汽轿车
000801.sz,四川九洲
000802.sz,北京文化
000803.sz,金宇车城
000805.sz,*ST炎黄
000806.sz,银河投资
000807.sz,云铝股份
000809.sz,铁岭新城
000810.sz,创维数字
000811.sz,烟台冰轮
000812.sz,陕西金叶
000813.sz,天山纺织
000815.sz,*ST美利
000816.sz,智慧农业
000817.sz,辽河油田
000818.sz,方大化工
000819.sz,岳阳兴长
000820.sz,金城股份
000821.sz,京山轻机
000822.sz,山东海化
000823.sz,超声电子
000825.sz,太钢不锈
000826.sz,桑德环境
000827.sz,*ST长兴
000828.sz,东莞控股
000829.sz,天音控股
000830.sz,鲁西化工
000831.sz,五矿稀土
000832.sz,*ST龙涤
000833.sz,贵糖股份
000835.sz,长城动漫
000836.sz,鑫茂科技
000837.sz,秦川机床
000838.sz,国兴地产
000839.sz,中信国安
000848.sz,承德露露
000850.sz,华茂股份
000851.sz,高鸿股份
000852.sz,江钻股份
000856.sz,冀东装备
000858.sz,五粮液
000859.sz,国风塑业
000860.sz,顺鑫农业
000861.sz,海印股份
000862.sz,银星能源
000863.sz,三湘股份
000866.sz,扬子石化
000868.sz,安凯客车
000869.sz,张裕A
000875.sz,吉电股份
000876.sz,新希望
000877.sz,天山股份
000878.sz,云南铜业
000880.sz,潍柴重机
000881.sz,大连国际
000882.sz,华联股份
000883.sz,湖北能源
000885.sz,同力水泥
000886.sz,海南高速
000887.sz,中鼎股份
000888.sz,峨眉山A
000889.sz,茂业物流
000890.sz,法尔胜
000892.sz,*ST星美
000893.sz,东凌粮油
000895.sz,双汇发展
000897.sz,津滨发展
000898.sz,鞍钢股份
000899.sz,赣能股份
000900.sz,现代投资
000901.sz,航天科技
000902.sz,新洋丰
000903.sz,云内动力
000905.sz,厦门港务
000906.sz,物产中拓
000908.sz,景峰医药
000909.sz,数源科技
000910.sz,大亚科技
000911.sz,南宁糖业
000912.sz,*ST天化
000913.sz,钱江摩托
000915.sz,山大华特
000916.sz,华北高速
000917.sz,电广传媒
000918.sz,嘉凯城
000919.sz,金陵药业
000920.sz,南方汇通
000921.sz,海信科龙
000922.sz,佳电股份
000923.sz,河北宣工
000925.sz,众合科技
000926.sz,福星股份
000927.sz,*ST夏利
000928.sz,中钢国际
000929.sz,兰州黄河
000930.sz,中粮生化
000931.sz,中关村
000932.sz,华菱钢铁
000933.sz,神火股份
000935.sz,四川双马
000936.sz,华西股份
000937.sz,冀中能源
000938.sz,紫光股份
000939.sz,凯迪电力
000948.sz,南天信息
000949.sz,新乡化纤
000950.sz,建峰化工
000951.sz,中国重汽
000952.sz,广济药业
000953.sz,河池化工
000955.sz,欣龙控股
000956.sz,中原油气
000957.sz,中通客车
000958.sz,东方能源
000959.sz,首钢股份
000960.sz,锡业股份
000961.sz,中南建设
000962.sz,东方钽业
000963.sz,华东医药
000965.sz,天保基建
000966.sz,长源电力
000967.sz,上风高科
000968.sz,煤气化
000969.sz,安泰科技
000970.sz,中科三环
000971.sz,蓝鼎控股
000972.sz,新中基
000973.sz,佛塑科技
000975.sz,银泰资源
000976.sz,*ST春晖
000977.sz,浪潮信息
000978.sz,桂林旅游
000979.sz,中弘股份
000980.sz,金马股份
000981.sz,银亿股份
000982.sz,中银绒业
000983.sz,西山煤电
000985.sz,大庆华科
000987.sz,广州友谊
000988.sz,华工科技
000989.sz,九芝堂
000990.sz,诚志股份
000991.sz,通海高科
000993.sz,闽东电力
000995.sz,*ST皇台
000996.sz,中国中期
000997.sz,新大陆
000998.sz,隆平高科
000999.sz,华润三九
001696.sz,宗申动力
001896.sz,豫能控股
002001.sz,新和成
002002.sz,鸿达兴业
002003.sz,伟星股份
002004.sz,华邦颖泰
002005.sz,德豪润达
002006.sz,精功科技
002007.sz,华兰生物
002008.sz,大族激光
002009.sz,天奇股份
002010.sz,传化股份
002011.sz,盾安环境
002012.sz,凯恩股份
002013.sz,中航机电
002014.sz,永新股份
002015.sz,*ST霞客
002016.sz,世荣兆业
002017.sz,东信和平
002018.sz,华信国际
002019.sz,亿帆鑫富
002020.sz,京新药业
002021.sz,中捷资源
002022.sz,科华生物
002023.sz,海特高新
002024.sz,苏宁云商
002025.sz,航天电器
002026.sz,山东威达
002027.sz,七喜控股
002028.sz,思源电气
002029.sz,七匹狼
002030.sz,达安基因
002031.sz,巨轮股份
002032.sz,苏泊尔
002033.sz,丽江旅游
002034.sz,美欣达
002035.sz,华帝股份
002036.sz,汉麻产业
002037.sz,久联发展
002038.sz,双鹭药业
002039.sz,黔源电力
002040.sz,南京港
002041.sz,登海种业
002042.sz,华孚色纺
002043.sz,兔宝宝
002044.sz,江苏三友
002045.sz,国光电器
002046.sz,轴研科技
002047.sz,宝鹰股份
002048.sz,宁波华翔
002049.sz,同方国芯
002050.sz,三花股份
002051.sz,中工国际
002052.sz,同洲电子
002053.sz,云南盐化
002054.sz,德美化工
002055.sz,得润电子
002056.sz,横店东磁
002057.sz,中钢天源
002058.sz,威尔泰
002059.sz,云南旅游
002060.sz,粤水电
002061.sz,江山化工
002062.sz,宏润建设
002063.sz,远光软件
002064.sz,华峰氨纶
002065.sz,东华软件
002066.sz,瑞泰科技
002067.sz,景兴纸业
002068.sz,黑猫股份
002069.sz,獐子岛
002070.sz,众和股份
002071.sz,长城影视
002072.sz,凯瑞德
002073.sz,软控股份
002074.sz,东源电器
002075.sz,沙钢股份
002076.sz,雪莱特
002077.sz,大港股份
002078.sz,太阳纸业
002079.sz,苏州固锝
002080.sz,中材科技
002081.sz,金螳螂
002082.sz,栋梁新材
002083.sz,孚日股份
002084.sz,海鸥卫浴
002085.sz,万丰奥威
002086.sz,东方海洋
002087.sz,新野纺织
002088.sz,鲁阳股份
002089.sz,新海宜
002090.sz,金智科技
002091.sz,江苏国泰
002092.sz,中泰化学
002093.sz,国脉科技
002094.sz,青岛金王
002095.sz,生意宝
002096.sz,南岭民爆
002097.sz,山河智能
002098.sz,浔兴股份
002099.sz,海翔药业
002100.sz,天康生物
002101.sz,广东鸿图
002102.sz,冠福股份
002103.sz,广博股份
002104.sz,恒宝股份
002105.sz,信隆实业
002106.sz,莱宝高科
002107.sz,沃华医药
002108.sz,沧州明珠
002109.sz,兴化股份
002110.sz,三钢闽光
002111.sz,威海广泰
002112.sz,三变科技
002113.sz,天润控股
002114.sz,罗平锌电
002115.sz,三维通信
002116.sz,中国海诚
002117.sz,东港股份
002118.sz,紫鑫药业
002119.sz,康强电子
002120.sz,新海股份
002121.sz,科陆电子
002122.sz,天马股份
002123.sz,荣信股份
002124.sz,天邦股份
002125.sz,湘潭电化
002126.sz,银轮股份
002127.sz,新民科技
002128.sz,露天煤业
002129.sz,中环股份
002130.sz,沃尔核材
002131.sz,利欧股份
002132.sz,恒星科技
002133.sz,广宇集团
002134.sz,天津普林
002135.sz,东南网架
002136.sz,安纳达
002137.sz,实益达
002138.sz,顺络电子
002139.sz,拓邦股份
002140.sz,东华科技
002141.sz,蓉胜超微
002142.sz,宁波银行
002143.sz,印纪传媒
002144.sz,宏达高科
002145.sz,中核钛白
002146.sz,荣盛发展
002147.sz,方圆支承
002148.sz,北纬通信
002149.sz,西部材料
002150.sz,通润装备
002151.sz,北斗星通
002152.sz,广电运通
002153.sz,石基信息
002154.sz,报喜鸟
002155.sz,湖南黄金
002156.sz,通富微电
002157.sz,正邦科技
002158.sz,汉钟精机
002159.sz,三特索道
002160.sz,常铝股份
002161.sz,远望谷
002162.sz,斯米克
002163.sz,中航三鑫
002164.sz,宁波东力
002165.sz,红宝丽
002166.sz,莱茵生物
002167.sz,东方锆业
002168.sz,深圳惠程
002169.sz,智光电气
002170.sz,芭田股份
002171.sz,精诚铜业
002172.sz,澳洋科技
002173.sz,千足珍珠
002174.sz,游族网络
002175.sz,广陆数测
002176.sz,江特电机
002177.sz,御银股份
002178.sz,延华智能
002179.sz,中航光电
002180.sz,艾派克
002181.sz,粤传媒
002182.sz,云海金属
002183.sz,怡亚通
002184.sz,海得控制
002185.sz,华天科技
002186.sz,全聚德
002187.sz,广百股份
002188.sz,新嘉联
002189.sz,利达光电
002190.sz,成飞集成
002191.sz,劲嘉股份
002192.sz,*ST路翔
002193.sz,山东如意
002194.sz,武汉凡谷
002195.sz,二三四五
002196.sz,方正电机
002197.sz,证通电子
002198.sz,嘉应制药
002199.sz,东晶电子
002200.sz,云投生态
002201.sz,九鼎新材
002202.sz,金风科技
002203.sz,海亮股份
002204.sz,大连重工
002205.sz,国统股份
002206.sz,海利得
002207.sz,准油股份
002208.sz,合肥城建
002209.sz,达意隆
002210.sz,飞马国际
002211.sz,宏达新材
002212.sz,南洋股份
002213.sz,特尔佳
002214.sz,大立科技
002215.sz,诺普信
002216.sz,三全食品
002217.sz,合力泰
002218.sz,拓日新能
002219.sz,恒康医疗
002220.sz,天宝股份
002221.sz,东华能源
002222.sz,福晶科技
002223.sz,鱼跃医疗
002224.sz,三力士
002225.sz,濮耐股份
002226.sz,江南化工
002227.sz,奥特迅
002228.sz,合兴包装
002229.sz,鸿博股份
002230.sz,科大讯飞
002231.sz,奥维通信
002232.sz,启明信息
002233.sz,塔牌集团
002234.sz,民和股份
002235.sz,安妮股份
002236.sz,大华股份
002237.sz,恒邦股份
002238.sz,天威视讯
002239.sz,金飞达
002240.sz,威华股份
002241.sz,歌尔声学
002242.sz,九阳股份
002243.sz,通产丽星
002244.sz,滨江集团
002245.sz,澳洋顺昌
002246.sz,北化股份
002247.sz,帝龙新材
002248.sz,华东数控
002249.sz,大洋电机
002250.sz,联化科技
002251.sz,步步高
002252.sz,上海莱士
002253.sz,川大智胜
002254.sz,泰和新材
002255.sz,海陆重工
002256.sz,彩虹精化
002257.sz,立立电子
002258.sz,利尔化学
002259.sz,升达林业
002260.sz,伊立浦
002261.sz,拓维信息
002262.sz,恩华药业
002263.sz,大东南
002264.sz,新华都
002265.sz,西仪股份
002266.sz,浙富控股
002267.sz,陕天然气
002268.sz,卫士通
002269.sz,美邦服饰
002270.sz,法因数控
002271.sz,东方雨虹
002272.sz,川润股份
002273.sz,水晶光电
002274.sz,华昌化工
002275.sz,桂林三金
002276.sz,万马股份
002277.sz,友阿股份
002278.sz,神开股份
002279.sz,久其软件
002280.sz,联络互动
002281.sz,光迅科技
002282.sz,博深工具
002283.sz,天润曲轴
002284.sz,亚太股份
002285.sz,世联行
002286.sz,保龄宝
002287.sz,奇正藏药
002288.sz,超华科技
002289.sz,宇顺电子
002290.sz,禾盛新材
002291.sz,星期六
002292.sz,奥飞动漫
002293.sz,罗莱家纺
002294.sz,信立泰
002295.sz,精艺股份
002296.sz,辉煌科技
002297.sz,博云新材
002298.sz,鑫龙电器
002299.sz,圣农发展
002300.sz,太阳电缆
002301.sz,齐心集团
002302.sz,西部建设
002303.sz,美盈森
002304.sz,洋河股份
002305.sz,南国置业
002306.sz,*ST云网
002307.sz,北新路桥
002308.sz,威创股份
002309.sz,中利科技
002310.sz,东方园林
002311.sz,海大集团
002312.sz,三泰控股
002313.sz,日海通讯
002314.sz,雅致股份
002315.sz,焦点科技
002316.sz,键桥通讯
002317.sz,众生药业
002318.sz,久立特材
002319.sz,乐通股份
002320.sz,海峡股份
002321.sz,华英农业
002322.sz,理工监测
002323.sz,中联电气
002324.sz,普利特
002325.sz,洪涛股份
002326.sz,永太科技
002327.sz,富安娜
002328.sz,新朋股份
002329.sz,皇氏集团
002330.sz,得利斯
002331.sz,皖通科技
002332.sz,仙琚制药
002333.sz,罗普斯金
002334.sz,英威腾
002335.sz,科华恒盛
002336.sz,人人乐
002337.sz,赛象科技
002338.sz,奥普光电
002339.sz,积成电子
002340.sz,格林美
002341.sz,新纶科技
002342.sz,巨力索具
002343.sz,禾欣股份
002344.sz,海宁皮城
002345.sz,潮宏基
002346.sz,柘中股份
002347.sz,泰尔重工
002348.sz,高乐股份
002349.sz,精华制药
002350.sz,北京科锐
002351.sz,漫步者
002352.sz,鼎泰新材
002353.sz,杰瑞股份
002354.sz,天神娱乐
002355.sz,兴民钢圈
002356.sz,浩宁达
002357.sz,富临运业
002358.sz,森源电气
002359.sz,齐星铁塔
002360.sz,同德化工
002361.sz,神剑股份
002362.sz,汉王科技
002363.sz,隆基机械
002364.sz,中恒电气
002365.sz,永安药业
002366.sz,丹甫股份
002367.sz,康力电梯
002368.sz,太极股份
002369.sz,卓翼科技
002370.sz,亚太药业
002371.sz,七星电子
002372.sz,伟星新材
002373.sz,千方科技
002374.sz,丽鹏股份
002375.sz,亚厦股份
002376.sz,新北洋
002377.sz,国创高新
002378.sz,章源钨业
002379.sz,鲁丰环保
002380.sz,科远股份
002381.sz,双箭股份
002382.sz,蓝帆医疗
002383.sz,合众思壮
002384.sz,东山精密
002385.sz,大北农
002386.sz,天原集团
002387.sz,黑牛食品
002388.sz,新亚制程
002389.sz,南洋科技
002390.sz,信邦制药
002391.sz,长青股份
002392.sz,北京利尔
002393.sz,力生制药
002394.sz,联发股份
002395.sz,双象股份
002396.sz,星网锐捷
002397.sz,梦洁家纺
002398.sz,建研集团
002399.sz,海普瑞
002400.sz,省广股份
002401.sz,中海科技
002402.sz,和而泰
002403.sz,爱仕达
002404.sz,嘉欣丝绸
002405.sz,四维图新
002406.sz,远东传动
002407.sz,多氟多
002408.sz,齐翔腾达
002409.sz,雅克科技
002410.sz,广联达
002411.sz,九九久
002412.sz,汉森制药
002413.sz,常发股份
002414.sz,高德红外
002415.sz,海康威视
002416.sz,爱施德
002417.sz,*ST元达
002418.sz,康盛股份
002419.sz,天虹商场
002420.sz,毅昌股份
002421.sz,达实智能
002422.sz,科伦药业
002423.sz,中原特钢
002424.sz,贵州百灵
002425.sz,凯撒股份
002426.sz,胜利精密
002427.sz,尤夫股份
002428.sz,云南锗业
002429.sz,兆驰股份
002430.sz,杭氧股份
002431.sz,棕榈园林
002432.sz,九安医疗
002433.sz,太安堂
002434.sz,万里扬
002435.sz,长江润发
002436.sz,兴森科技
002437.sz,誉衡药业
002438.sz,江苏神通
002439.sz,启明星辰
002440.sz,闰土股份
002441.sz,众业达
002442.sz,龙星化工
002443.sz,金洲管道
002444.sz,巨星科技
002445.sz,中南重工
002446.sz,盛路通信
002447.sz,壹桥海参
002448.sz,中原内配
002449.sz,国星光电
002450.sz,康得新
002451.sz,摩恩电气
002452.sz,长高集团
002453.sz,天马精化
002454.sz,松芝股份
002455.sz,百川股份
002456.sz,欧菲光
002457.sz,青龙管业
002458.sz,益生股份
002459.sz,天业通联
002460.sz,赣锋锂业
002461.sz,珠江啤酒
002462.sz,嘉事堂
002463.sz,沪电股份
002464.sz,金利科技
002465.sz,海格通信
002466.sz,天齐锂业
002467.sz,二六三
002468.sz,艾迪西
002469.sz,三维工程
002470.sz,金正大
002471.sz,中超电缆
002472.sz,双环传动
002473.sz,圣莱达
002474.sz,榕基软件
002475.sz,立讯精密
002476.sz,宝莫股份
002477.sz,雏鹰农牧
002478.sz,常宝股份
002479.sz,富春环保
002480.sz,新筑股份
002481.sz,双塔食品
002482.sz,广田股份
002483.sz,润邦股份
002484.sz,江海股份
002485.sz,希努尔
002486.sz,嘉麟杰
002487.sz,大金重工
002488.sz,金固股份
002489.sz,浙江永强
002490.sz,山东墨龙
002491.sz,通鼎互联
002492.sz,恒基达鑫
002493.sz,荣盛石化
002494.sz,华斯股份
002495.sz,佳隆股份
002496.sz,辉丰股份
002497.sz,雅化集团
002498.sz,汉缆股份
002499.sz,科林环保
002500.sz,山西证券
002501.sz,利源精制
002502.sz,骅威股份
002503.sz,搜于特
002504.sz,东光微电
002505.sz,大康牧业
002506.sz,*ST集成
002507.sz,涪陵榨菜
002508.sz,老板电器
002509.sz,天广消防
002510.sz,天汽模
002511.sz,中顺洁柔
002512.sz,达华智能
002513.sz,蓝丰生化
002514.sz,宝馨科技
002515.sz,金字火腿
002516.sz,江苏旷达
002517.sz,泰亚股份
002518.sz,科士达
002519.sz,银河电子
002520.sz,日发精机
002521.sz,齐峰新材
002522.sz,浙江众成
002523.sz,天桥起重
002524.sz,光正集团
002525.sz,胜景山河
002526.sz,山东矿机
002527.sz,新时达
002528.sz,英飞拓
002529.sz,海源机械
002530.sz,丰东股份
002531.sz,天顺风能
002532.sz,新界泵业
002533.sz,金杯电工
002534.sz,杭锅股份
002535.sz,林州重机
002536.sz,西泵股份
002537.sz,海立美达
002538.sz,司尔特
002539.sz,新都化工
002540.sz,亚太科技
002541.sz,鸿路钢构
002542.sz,中化岩土
002543.sz,万和电气
002544.sz,杰赛科技
002545.sz,东方铁塔
002546.sz,新联电子
002547.sz,春兴精工
002548.sz,金新农
002549.sz,凯美特气
002550.sz,千红制药
002551.sz,尚荣医疗
002552.sz,宝鼎重工
002553.sz,南方轴承
002554.sz,惠博普
002555.sz,顺荣三七
002556.sz,辉隆股份
002557.sz,洽洽食品
002558.sz,世纪游轮
002559.sz,亚威股份
002560.sz,通达股份
002561.sz,徐家汇
002562.sz,兄弟科技
002563.sz,森马服饰
002564.sz,天沃科技
002565.sz,上海绿新
002566.sz,益盛药业
002567.sz,唐人神
002568.sz,百润股份
002569.sz,步森股份
002570.sz,贝因美
002571.sz,德力股份
002572.sz,索菲亚
002573.sz,清新环境
002574.sz,明牌珠宝
002575.sz,群兴玩具
002576.sz,通达动力
002577.sz,雷柏科技
002578.sz,闽发铝业
002579.sz,中京电子
002580.sz,圣阳股份
002581.sz,万昌科技
002582.sz,好想你
002583.sz,海能达
002584.sz,西陇化工
002585.sz,双星新材
002586.sz,围海股份
002587.sz,奥拓电子
002588.sz,史丹利
002589.sz,瑞康医药
002590.sz,万安科技
002591.sz,恒大高新
002592.sz,八菱科技
002593.sz,日上集团
002594.sz,比亚迪
002595.sz,豪迈科技
002596.sz,海南瑞泽
002597.sz,金禾实业
002598.sz,山东章鼓
002599.sz,盛通股份
002600.sz,江粉磁材
002601.sz,佰利联
002602.sz,世纪华通
002603.sz,以岭药业
002604.sz,龙力生物
002605.sz,姚记扑克
002606.sz,大连电瓷
002607.sz,亚夏汽车
002608.sz,*ST舜船
002609.sz,捷顺科技
002610.sz,爱康科技
002611.sz,东方精工
002612.sz,朗姿股份
002613.sz,北玻股份
002614.sz,蒙发利
002615.sz,哈尔斯
002616.sz,长青集团
002617.sz,露笑科技
002618.sz,丹邦科技
002619.sz,巨龙管业
002620.sz,瑞和股份
002621.sz,大连三垒
002622.sz,永大集团
002623.sz,亚玛顿
002624.sz,完美环球
002625.sz,龙生股份
002626.sz,金达威
002627.sz,宜昌交运
002628.sz,成都路桥
002629.sz,仁智油服
002630.sz,华西能源
002631.sz,德尔家居
002632.sz,道明光学
002633.sz,*ST申科
002634.sz,棒杰股份
002635.sz,安洁科技
002636.sz,金安国纪
002637.sz,赞宇科技
002638.sz,勤上光电
002639.sz,雪人股份
002640.sz,跨境通
002641.sz,永高股份
002642.sz,荣之联
002643.sz,万润股份
002644.sz,佛慈制药
002645.sz,华宏科技
002646.sz,青青稞酒
002647.sz,宏磊股份
002648.sz,卫星石化
002649.sz,博彦科技
002650.sz,加加食品
002651.sz,利君股份
002652.sz,扬子新材
002653.sz,海思科
002654.sz,万润科技
002655.sz,共达电声
002656.sz,卡奴迪路
002657.sz,中科金财
002658.sz,雪迪龙
002659.sz,中泰桥梁
002660.sz,茂硕电源
002661.sz,克明面业
002662.sz,京威股份
002663.sz,普邦园林
002664.sz,信质电机
002665.sz,首航节能
002666.sz,德联集团
002667.sz,鞍重股份
002668.sz,奥马电器
002669.sz,康达新材
002670.sz,华声股份
002671.sz,龙泉股份
002672.sz,东江环保
002673.sz,西部证券
002674.sz,兴业科技
002675.sz,东诚药业
002676.sz,顺威股份
002677.sz,浙江美大
002678.sz,珠江钢琴
002679.sz,福建金森
002680.sz,黄海机械
002681.sz,奋达科技
002682.sz,龙洲股份
002683.sz,宏大爆破
002684.sz,猛狮科技
002685.sz,华东重机
002686.sz,亿利达
002687.sz,乔治白
002688.sz,金河生物
002689.sz,博林特
002690.sz,美亚光电
002691.sz,石中装备
002692.sz,远程电缆
002693.sz,双成药业
002694.sz,顾地科技
002695.sz,煌上煌
002696.sz,百洋股份
002697.sz,红旗连锁
002698.sz,博实股份
002699.sz,美盛文化
002700.sz,新疆浩源
002701.sz,奥瑞金
002702.sz,海欣食品
002703.sz,浙江世宝
002705.sz,新宝股份
002706.sz,良信电器
002707.sz,众信旅游
002708.sz,光洋股份
002709.sz,天赐材料
002710.sz,慈铭体检
002711.sz,欧浦钢网
002712.sz,思美传媒
002713.sz,东易日盛
002714.sz,牧原股份
002715.sz,登云股份
002716.sz,金贵银业
002717.sz,岭南园林
002718.sz,友邦吊顶
002719.sz,麦趣尔
002720.sz,宏良股份
002721.sz,金一文化
002722.sz,金轮股份
002723.sz,金莱特
002724.sz,海洋王
002725.sz,跃岭股份
002726.sz,龙大肉食
002727.sz,一心堂
002728.sz,台城制药
002729.sz,好利来
002730.sz,电光科技
002731.sz,萃华珠宝
002732.sz,燕塘乳业
002733.sz,雄韬股份
002734.sz,利民股份
002735.sz,王子新材
002736.sz,国信证券
002737.sz,葵花药业
002738.sz,中矿资源
002739.sz,万达院线
002740.sz,爱迪尔
002741.sz,光华科技
002742.sz,三圣特材
002743.sz,富煌钢构
002745.sz,木林森
002746.sz,仙坛股份
002747.sz,埃斯顿
002748.sz,世龙实业
002749.sz,国光股份
002750.sz,龙津药业
002751.sz,易尚展示
002752.sz,昇兴股份
002753.sz,永东股份
002755.sz,东方新星
002756.sz,永兴特钢
002757.sz,南兴装备
002758.sz,华通医药
002759.sz,天际股份
002760.sz,凤形股份
002761.sz,多喜爱
002762.sz,金发拉比
002763.sz,汇洁股份
002765.sz,蓝黛传动
002766.sz,索菱股份
002767.sz,先锋电子
002768.sz,国恩股份
002769.sz,普路通
002770.sz,科迪乳业
002771.sz,真视通
002772.sz,众兴菌业
002773.sz,康弘药业
002775.sz,文科园林
002776.sz,柏堡龙
031005.sz,国安GAC1
031007.sz,阿胶EJC1
038011.sz,攀钢AGP1
038014.sz,钾肥JFP1
038015.sz,盐湖YHP1
038016.sz,集琦JQP1
038017.sz,深发SFP1
131800.sz,Ｒ-003
131801.sz,Ｒ-007
131802.sz,Ｒ-014
131803.sz,Ｒ-028
131805.sz,Ｒ-091
131806.sz,Ｒ-182
131809.sz,Ｒ-004
131810.sz,Ｒ-001
131811.sz,Ｒ-002
131900.sz,ＲＣ-003
131901.sz,ＲＣ-007
131910.sz,ＲＣ-001
131911.sz,ＲＣ-002
150001.sz,瑞福进取
150002.sz,大成优选
150003.sz,建信优势
150006.sz,同庆A
150007.sz,同庆B
150008.sz,瑞和小康
150009.sz,瑞和远见
150010.sz,国泰优先
150011.sz,国泰进取
150012.sz,双禧A
150013.sz,双禧B
150016.sz,合润A
150017.sz,合润B
150018.sz,银华稳进
150019.sz,银华锐进
150020.sz,汇利A
150021.sz,汇利B
150022.sz,深成指A
150023.sz,深成指B
150025.sz,景丰A
150026.sz,景丰B
150027.sz,添利B
150028.sz,中证500A
150029.sz,中证500B
150030.sz,中证90A
150031.sz,中证90B
150032.sz,多利优先
150033.sz,多利进取
150034.sz,聚利A
150036.sz,建信稳健
150037.sz,建信进取
150038.sz,万家利B
150039.sz,鼎利A
150040.sz,鼎利B
150041.sz,天盈B
150042.sz,利鑫B
150043.sz,裕祥B
150044.sz,增利A
150045.sz,增利B
150046.sz,丰利B
150047.sz,银华瑞吉
150048.sz,消费B
150049.sz,消费收益
150050.sz,消费进取
150051.sz,沪深300A
150052.sz,沪深300B
150053.sz,泰达稳健
150054.sz,泰达进取
150055.sz,工银500A
150056.sz,工银500B
150057.sz,久兆稳健
150058.sz,久兆积极
150059.sz,银华金瑞
150060.sz,银华鑫瑞
150061.sz,丰泽B
150062.sz,浦银增A
150063.sz,浦银增B
150064.sz,同瑞A
150065.sz,同瑞B
150066.sz,互利A
150067.sz,互利B
150068.sz,双翼B
150069.sz,双力A
150070.sz,双力B
150071.sz,中欧盛世A
150072.sz,中欧盛世B
150073.sz,诺安稳健
150075.sz,诺安进取
150076.sz,浙商稳健
150077.sz,浙商进取
150078.sz,金鹰回报B
150079.sz,通利债B
150080.sz,双佳B
150081.sz,双盈B
150082.sz,信达利B
150083.sz,广发100A
150084.sz,广发100B
150085.sz,中小板A
150086.sz,中小板B
150087.sz,信用B
150088.sz,金鹰500A
150089.sz,金鹰500B
150090.sz,万家创A
150091.sz,万家创B
150092.sz,诺德300A
150093.sz,诺德300B
150094.sz,泰信400A
150095.sz,泰信400B
150096.sz,商品A
150097.sz,商品B
150098.sz,同庆800A
150099.sz,同庆800B
150100.sz,资源A
150101.sz,资源B
150102.sz,利众B
150104.sz,华安300A
150105.sz,华安300B
150106.sz,中小A
150107.sz,中小B
150108.sz,同辉100A
150109.sz,同辉100B
150110.sz,华商500A
150111.sz,华商500B
150112.sz,工银100A
150113.sz,工银100B
150114.sz,惠裕B
150115.sz,同丰B
150117.sz,房地产A
150118.sz,房地产B
150120.sz,鼎利进取
150121.sz,银河优先
150122.sz,银河进取
150123.sz,建信50A
150124.sz,建信50B
150127.sz,双增B
150128.sz,工银增B
150129.sz,丰利债B
150130.sz,医药A
150131.sz,医药B
150132.sz,元盛B
150133.sz,德信A
150134.sz,德信B
150135.sz,国富100A
150136.sz,国富100B
150137.sz,宝利B
150138.sz,银华800A
150139.sz,银华800B
150140.sz,国金300A
150141.sz,国金300B
150142.sz,互利债B
150143.sz,转债A
150144.sz,转债B
150145.sz,300高贝A
150146.sz,300高贝B
150147.sz,同利B
150148.sz,医药800A
150149.sz,医药800B
150150.sz,有色800A
150151.sz,有色800B
150152.sz,创业板A
150153.sz,创业板B
150154.sz,惠丰B
150156.sz,中银互B
150157.sz,金融A
150158.sz,金融B
150160.sz,通福B
150161.sz,惠鑫B
150164.sz,可转债A
150165.sz,可转债B
150167.sz,银华300A
150168.sz,银华300B
150169.sz,恒生A
150170.sz,恒生B
150171.sz,申万证券A
150172.sz,申万证券B
150173.sz,TMT中证A
150174.sz,TMT中证B
150175.sz,H股A
150176.sz,H股B
150177.sz,证保A
150178.sz,证保B
150179.sz,信息A
150180.sz,信息B
150181.sz,军工A
150182.sz,军工B
150184.sz,环保A
150185.sz,环保B
150186.sz,SW军工A
150187.sz,SW军工B
150188.sz,转债优先
150189.sz,转债进取
150190.sz,NCF环保A
150191.sz,NCF环保B
150192.sz,地产A
150193.sz,地产B
150194.sz,互联网A
150195.sz,互联网B
150196.sz,有色A
150197.sz,有色B
150198.sz,食品A
150199.sz,食品B
150200.sz,券商A
150201.sz,券商B
150203.sz,传媒A
150204.sz,传媒B
150205.sz,国防A
150206.sz,国防B
150207.sz,300地产A
150208.sz,300地产B
150209.sz,国企改A
150210.sz,国企改B
150211.sz,新能车A
150212.sz,新能车B
150213.sz,国投创A
150214.sz,国投创B
150215.sz,TMTA
150216.sz,TMTB
150217.sz,新能源A
150218.sz,新能源B
150219.sz,健康A
150220.sz,健康B
150221.sz,中航军A
150222.sz,中航军B
150223.sz,FG证券A
150224.sz,FG证券B
150225.sz,证保A级
150226.sz,证保B级
150227.sz,鹏华银行A
150228.sz,鹏华银行B
150229.sz,酒A
150230.sz,酒B
150231.sz,电子A
150232.sz,电子B
150235.sz,券商A级
150236.sz,券商B级
150241.sz,银行A级
150242.sz,银行B级
150247.sz,传媒A级
150248.sz,传媒B级
150249.sz,银行A端
150250.sz,银行B端
150251.sz,煤炭A
150252.sz,煤炭B
150261.sz,医疗A
150262.sz,医疗B
150265.sz,一带A
150266.sz,一带B
150269.sz,白酒A
150270.sz,白酒B
150271.sz,生物药A
150272.sz,生物药B
150273.sz,带路A
150274.sz,带路B
150275.sz,一带一A
150276.sz,一带一B
150277.sz,高铁A
150278.sz,高铁B
150279.sz,新能A
150280.sz,新能B
159001.sz,保证金
159003.sz,招商快线
159005.sz,添富快钱
159900.sz,申赎现金
159901.sz,深100ETF
159902.sz,中小板
159903.sz,深成ETF
159905.sz,深红利
159906.sz,深成长
159907.sz,中小300
159908.sz,深F200
159909.sz,深TMT
159910.sz,深F120
159911.sz,民营ETF
159912.sz,深300ETF
159913.sz,深价值
159915.sz,创业板
159916.sz,深F60
159917.sz,中小成长
159918.sz,中创400
159919.sz,300ETF
159920.sz,恒生ETF
159921.sz,中小等权
159922.sz,500ETF
159923.sz,100ETF
159924.sz,300等权
159925.sz,南方300
159926.sz,国债ETF
159927.sz,A300ETF
159928.sz,消费ETF
159929.sz,医药ETF
159930.sz,能源ETF
159931.sz,金融ETF
159932.sz,500深ETF
159933.sz,金地ETF
159934.sz,黄金ETF
159935.sz,景顺500
159936.sz,可选消费
159937.sz,博时黄金
159938.sz,广发医药
159939.sz,信息技术
159940.sz,全指金融
160105.sz,南方积配
160106.sz,南方高增
160119.sz,南方500
160128.sz,南方金利
160130.sz,南方永利
160131.sz,南方聚利
160133.sz,南方天元
160211.sz,国泰小盘
160212.sz,国泰估值
160215.sz,国泰价值
160216.sz,国泰商品
160220.sz,国泰淘新
160311.sz,华夏蓝筹
160314.sz,华夏行业
160505.sz,博时主题
160513.sz,稳健债A
160515.sz,安丰18
160607.sz,鹏华价值
160610.sz,鹏华动力
160611.sz,鹏华治理
160613.sz,鹏华创新
160615.sz,鹏华300
160616.sz,鹏华500
160617.sz,鹏华丰润
160618.sz,鹏华丰泽
160621.sz,中小企债
160706.sz,嘉实300
160716.sz,嘉实50
160717.sz,嘉实恒生
160720.sz,中期企债
160805.sz,长盛同智
160807.sz,长盛300
160810.sz,长盛同丰
160812.sz,长盛同益
160813.sz,长盛同盛
160910.sz,大成创新
160915.sz,大成景丰
160916.sz,优选LOF
160918.sz,大成小盘
160919.sz,大成产业
161005.sz,富国天惠
161010.sz,富国天丰
161015.sz,富国天盈
161019.sz,富国天锋
161117.sz,易基永旭
161119.sz,易基综债
161210.sz,国投全球
161213.sz,国投消费
161216.sz,双债A
161221.sz,双债C
161222.sz,国投瑞利
161224.sz,国投丝路
161505.sz,银河通利
161607.sz,融通巨潮
161610.sz,融通领先
161614.sz,融通添利
161706.sz,招商成长
161713.sz,招商信用
161714.sz,招商标普金砖四国指数
161716.sz,招商双债
161810.sz,银华内需
161811.sz,银华300
161813.sz,银华信用
161820.sz,银华纯债
161821.sz,银华50A
161831.sz,银华H股
161903.sz,万家优选
161908.sz,万家添利
161911.sz,万家强债
162006.sz,长城久富
162105.sz,持久增利
162108.sz,元盛债券
162207.sz,泰达效率
162307.sz,海富100
162308.sz,海富增利
162411.sz,华宝油气
162510.sz,国安双力
162605.sz,景顺鼎益
162607.sz,景顺资源
162703.sz,广发小盘
162711.sz,广发500L
162715.sz,广发聚源
163001.sz,长信100
163112.sz,申万债券
163208.sz,诺安油气
163210.sz,诺安纯债
163302.sz,大摩资源
163402.sz,兴全趋势
163407.sz,兴全300
163412.sz,兴全轻资
163415.sz,兴全模式
163503.sz,天治核心
163801.sz,中银中国
163819.sz,中银信用
163821.sz,中银300E
163824.sz,中银盛利
163827.sz,中银产债
164105.sz,华富强债
164205.sz,天弘深成
164208.sz,天弘丰利
164702.sz,添富季红
164705.sz,添富恒生
164808.sz,工银四季
164810.sz,工银纯债
164814.sz,工银双债
164815.sz,工银资源
164902.sz,交银添利
165309.sz,建信300
165313.sz,建信优势
165508.sz,信诚深度
165509.sz,信诚增强
165516.sz,信诚周期
165517.sz,信诚双盈
165705.sz,诺德双翼
166001.sz,中欧趋势
166006.sz,中欧成长
166007.sz,中欧300
166008.sz,中欧强债
166011.sz,中欧盛世
166401.sz,浦银增利
166902.sz,民生增利
166904.sz,民生添利
167901.sz,华宸300
169101.sz,东证睿丰
184688.sz,基金开元
184689.sz,基金普惠
184690.sz,基金同益
184691.sz,基金景宏
184692.sz,基金裕隆
184693.sz,基金普丰
184698.sz,基金天元
184699.sz,基金同盛
184701.sz,基金景福
184703.sz,基金金盛
184705.sz,基金裕泽
184706.sz,基金天华
184721.sz,基金丰和
184722.sz,基金久嘉
184728.sz,基金鸿阳
200002.sz,万科B
200003.sz,PT金田B
200011.sz,深物业B
200012.sz,南玻B
200013.sz,*ST石化B
200015.sz,PT中浩B
200016.sz,深康佳B
200017.sz,深中华B
200018.sz,中冠B
200019.sz,深深宝B
200020.sz,深华发B
200022.sz,深赤湾B
200024.sz,招商局B
200025.sz,特力B
200026.sz,飞亚达B
200028.sz,一致B
200029.sz,深深房B
200030.sz,富奥B
200037.sz,深南电B
200039.sz,中集B
200041.sz,*ST本实B
200045.sz,深纺织B
200053.sz,深基地B
200054.sz,建摩B
200055.sz,方大B
200056.sz,深国商B
200057.sz,*ST大洋B
200058.sz,深赛格B
200152.sz,山航B
200160.sz,南江B
200168.sz,雷伊B
200413.sz,东旭B
200418.sz,小天鹅B
200429.sz,粤高速B
200468.sz,宁通信B
200488.sz,晨鸣B
200505.sz,珠江B
200512.sz,闽灿坤B
200513.sz,丽珠B
200521.sz,皖美菱B
200530.sz,大冷B
200539.sz,粤电力B
200541.sz,粤照明B
200550.sz,江铃B
200553.sz,沙隆达B
200570.sz,苏常柴B
200581.sz,苏威孚B
200596.sz,古井贡B
200613.sz,大东海B
200625.sz,长安B
200706.sz,瓦轴B
200725.sz,京东方B
200726.sz,鲁泰B
200761.sz,本钢板B
200770.sz,武锅B退
200771.sz,杭汽轮B
200869.sz,张裕B
200986.sz,粤华包B
200992.sz,中鲁B
300001.sz,特锐德
300002.sz,神州泰岳
300003.sz,乐普医疗
300004.sz,南风股份
300005.sz,探路者
300006.sz,莱美药业
300007.sz,汉威电子
300008.sz,上海佳豪
300009.sz,安科生物
300010.sz,立思辰
300011.sz,鼎汉技术
300012.sz,华测检测
300013.sz,新宁物流
300014.sz,亿纬锂能
300015.sz,爱尔眼科
300016.sz,北陆药业
300017.sz,网宿科技
300018.sz,中元华电
300019.sz,硅宝科技
300020.sz,银江股份
300021.sz,大禹节水
300022.sz,吉峰农机
300023.sz,宝德股份
300024.sz,机器人
300025.sz,华星创业
300026.sz,红日药业
300027.sz,华谊兄弟
300028.sz,金亚科技
300029.sz,天龙光电
300030.sz,阳普医疗
300031.sz,宝通带业
300032.sz,金龙机电
300033.sz,同花顺
300034.sz,钢研高纳
300035.sz,中科电气
300036.sz,超图软件
300037.sz,新宙邦
300038.sz,梅泰诺
300039.sz,上海凯宝
300040.sz,九洲电气
300041.sz,回天新材
300042.sz,朗科科技
300043.sz,互动娱乐
300044.sz,赛为智能
300045.sz,华力创通
300046.sz,台基股份
300047.sz,天源迪科
300048.sz,合康变频
300049.sz,福瑞股份
300050.sz,世纪鼎利
300051.sz,三五互联
300052.sz,中青宝
300053.sz,欧比特
300054.sz,鼎龙股份
300055.sz,万邦达
300056.sz,三维丝
300057.sz,万顺股份
300058.sz,蓝色光标
300059.sz,东方财富
300061.sz,康耐特
300062.sz,中能电气
300063.sz,天龙集团
300064.sz,豫金刚石
300065.sz,海兰信
300066.sz,三川股份
300067.sz,安诺其
300068.sz,南都电源
300069.sz,金利华电
300070.sz,碧水源
300071.sz,华谊嘉信
300072.sz,三聚环保
300073.sz,当升科技
300074.sz,华平股份
300075.sz,数字政通
300076.sz,GQY视讯
300077.sz,国民技术
300078.sz,中瑞思创
300079.sz,数码视讯
300080.sz,新大新材
300081.sz,恒信移动
300082.sz,奥克股份
300083.sz,劲胜精密
300084.sz,海默科技
300085.sz,银之杰
300086.sz,康芝药业
300087.sz,荃银高科
300088.sz,长信科技
300089.sz,长城集团
300090.sz,盛运环保
300091.sz,金通灵
300092.sz,科新机电
300093.sz,金刚玻璃
300094.sz,国联水产
300095.sz,华伍股份
300096.sz,易联众
300097.sz,智云股份
300098.sz,高新兴
300099.sz,尤洛卡
300100.sz,双林股份
300101.sz,振芯科技
300102.sz,乾照光电
300103.sz,达刚路机
300104.sz,乐视网
300105.sz,龙源技术
300106.sz,西部牧业
300107.sz,建新股份
300108.sz,双龙股份
300109.sz,新开源
300110.sz,华仁药业
300111.sz,向日葵
300112.sz,万讯自控
300113.sz,顺网科技
300114.sz,中航电测
300115.sz,长盈精密
300116.sz,坚瑞消防
300117.sz,嘉寓股份
300118.sz,东方日升
300119.sz,瑞普生物
300120.sz,经纬电材
300121.sz,阳谷华泰
300122.sz,智飞生物
300123.sz,太阳鸟
300124.sz,汇川技术
300125.sz,易世达
300126.sz,锐奇股份
300127.sz,银河磁体
300128.sz,锦富新材
300129.sz,泰胜风能
300130.sz,新国都
300131.sz,英唐智控
300132.sz,青松股份
300133.sz,华策影视
300134.sz,大富科技
300135.sz,宝利沥青
300136.sz,信维通信
300137.sz,先河环保
300138.sz,晨光生物
300139.sz,福星晓程
300140.sz,启源装备
300141.sz,和顺电气
300142.sz,沃森生物
300143.sz,星河生物
300144.sz,宋城演艺
300145.sz,南方泵业
300146.sz,汤臣倍健
300147.sz,香雪制药
300148.sz,天舟文化
300149.sz,量子高科
300150.sz,世纪瑞尔
300151.sz,昌红科技
300152.sz,燃控科技
300153.sz,科泰电源
300154.sz,瑞凌股份
300155.sz,安居宝
300156.sz,神雾环保
300157.sz,恒泰艾普
300158.sz,振东制药
300159.sz,新研股份
300160.sz,秀强股份
300161.sz,华中数控
300162.sz,雷曼光电
300163.sz,先锋新材
300164.sz,通源石油
300165.sz,天瑞仪器
300166.sz,东方国信
300167.sz,迪威视讯
300168.sz,万达信息
300169.sz,天晟新材
300170.sz,汉得信息
300171.sz,东富龙
300172.sz,中电环保
300173.sz,智慧松德
300174.sz,元力股份
300175.sz,朗源股份
300176.sz,鸿特精密
300177.sz,中海达
300178.sz,腾邦国际
300179.sz,四方达
300180.sz,华峰超纤
300181.sz,佐力药业
300182.sz,捷成股份
300183.sz,东软载波
300184.sz,力源信息
300185.sz,通裕重工
300186.sz,大华农
300187.sz,永清环保
300188.sz,美亚柏科
300189.sz,神农大丰
300190.sz,维尔利
300191.sz,潜能恒信
300192.sz,科斯伍德
300193.sz,佳士科技
300194.sz,福安药业
300195.sz,长荣股份
300196.sz,长海股份
300197.sz,铁汉生态
300198.sz,纳川股份
300199.sz,翰宇药业
300200.sz,高盟新材
300201.sz,海伦哲
300202.sz,聚龙股份
300203.sz,聚光科技
300204.sz,舒泰神
300205.sz,天喻信息
300206.sz,理邦仪器
300207.sz,欣旺达
300208.sz,恒顺众昇
300209.sz,天泽信息
300210.sz,森远股份
300211.sz,亿通科技
300212.sz,易华录
300213.sz,佳讯飞鸿
300214.sz,日科化学
300215.sz,电科院
300216.sz,千山药机
300217.sz,东方电热
300218.sz,安利股份
300219.sz,鸿利光电
300220.sz,金运激光
300221.sz,银禧科技
300222.sz,科大智能
300223.sz,北京君正
300224.sz,正海磁材
300225.sz,金力泰
300226.sz,上海钢联
300227.sz,光韵达
300228.sz,富瑞特装
300229.sz,拓尔思
300230.sz,永利带业
300231.sz,银信科技
300232.sz,洲明科技
300233.sz,金城医药
300234.sz,开尔新材
300235.sz,方直科技
300236.sz,上海新阳
300237.sz,美晨科技
300238.sz,冠昊生物
300239.sz,东宝生物
300240.sz,飞力达
300241.sz,瑞丰光电
300242.sz,明家科技
300243.sz,瑞丰高材
300244.sz,迪安诊断
300245.sz,天玑科技
300246.sz,宝莱特
300247.sz,桑乐金
300248.sz,新开普
300249.sz,依米康
300250.sz,初灵信息
300251.sz,光线传媒
300252.sz,金信诺
300253.sz,卫宁软件
300254.sz,仟源医药
300255.sz,常山药业
300256.sz,星星科技
300257.sz,开山股份
300258.sz,精锻科技
300259.sz,新天科技
300260.sz,新莱应材
300261.sz,雅本化学
300262.sz,巴安水务
300263.sz,隆华节能
300264.sz,佳创视讯
300265.sz,通光线缆
300266.sz,兴源环境
300267.sz,尔康制药
300268.sz,万福生科
300269.sz,联建光电
300270.sz,中威电子
300271.sz,华宇软件
300272.sz,开能环保
300273.sz,和佳股份
300274.sz,阳光电源
300275.sz,梅安森
300276.sz,三丰智能
300277.sz,海联讯
300278.sz,华昌达
300279.sz,和晶科技
300280.sz,南通锻压
300281.sz,金明精机
300282.sz,汇冠股份
300283.sz,温州宏丰
300284.sz,苏交科
300285.sz,国瓷材料
300286.sz,安科瑞
300287.sz,飞利信
300288.sz,朗玛信息
300289.sz,利德曼
300290.sz,荣科科技
300291.sz,华录百纳
300292.sz,吴通通讯
300293.sz,蓝英装备
300294.sz,博雅生物
300295.sz,三六五网
300296.sz,利亚德
300297.sz,蓝盾股份
300298.sz,三诺生物
300299.sz,富春通信
300300.sz,汉鼎股份
300301.sz,长方照明
300302.sz,同有科技
300303.sz,聚飞光电
300304.sz,云意电气
300305.sz,裕兴股份
300306.sz,远方光电
300307.sz,慈星股份
300308.sz,中际装备
300309.sz,吉艾科技
300310.sz,宜通世纪
300311.sz,任子行
300312.sz,邦讯技术
300313.sz,天山生物
300314.sz,戴维医疗
300315.sz,掌趣科技
300316.sz,晶盛机电
300317.sz,珈伟股份
300318.sz,博晖创新
300319.sz,麦捷科技
300320.sz,海达股份
300321.sz,同大股份
300322.sz,硕贝德
300323.sz,华灿光电
300324.sz,旋极信息
300325.sz,德威新材
300326.sz,凯利泰
300327.sz,中颖电子
300328.sz,宜安科技
300329.sz,海伦钢琴
300330.sz,华虹计通
300331.sz,苏大维格
300332.sz,天壕节能
300333.sz,兆日科技
300334.sz,津膜科技
300335.sz,迪森股份
300336.sz,新文化
300337.sz,银邦股份
300338.sz,开元仪器
300339.sz,润和软件
300340.sz,科恒股份
300341.sz,麦迪电气
300342.sz,天银机电
300343.sz,联创节能
300344.sz,太空板业
300345.sz,红宇新材
300346.sz,南大光电
300347.sz,泰格医药
300348.sz,长亮科技
300349.sz,金卡股份
300350.sz,华鹏飞
300351.sz,永贵电器
300352.sz,北信源
300353.sz,东土科技
300354.sz,东华测试
300355.sz,蒙草抗旱
300356.sz,光一科技
300357.sz,我武生物
300358.sz,楚天科技
300359.sz,全通教育
300360.sz,炬华科技
300361.sz,奥赛康
300362.sz,天保重装
300363.sz,博腾股份
300364.sz,中文在线
300365.sz,恒华科技
300366.sz,创意信息
300367.sz,东方网力
300368.sz,汇金股份
300369.sz,绿盟科技
300370.sz,安控科技
300371.sz,汇中股份
300372.sz,欣泰电气
300373.sz,扬杰科技
300374.sz,恒通科技
300375.sz,鹏翎股份
300376.sz,易事特
300377.sz,赢时胜
300378.sz,鼎捷软件
300379.sz,东方通
300380.sz,安硕信息
300381.sz,溢多利
300382.sz,斯莱克
300383.sz,光环新网
300384.sz,三联虹普
300385.sz,雪浪环境
300386.sz,飞天诚信
300387.sz,富邦股份
300388.sz,国祯环保
300389.sz,艾比森
300390.sz,天华超净
300391.sz,康跃科技
300392.sz,腾信股份
300393.sz,中来股份
300394.sz,天孚通信
300395.sz,菲利华
300396.sz,迪瑞医疗
300397.sz,天和防务
300398.sz,飞凯材料
300399.sz,京天利
300400.sz,劲拓股份
300401.sz,花园生物
300402.sz,宝色股份
300403.sz,地尔汉宇
300404.sz,博济医药
300405.sz,科隆精化
300406.sz,九强生物
300407.sz,凯发电气
300408.sz,三环集团
300409.sz,道氏技术
300410.sz,正业科技
300411.sz,金盾股份
300412.sz,迦南科技
300413.sz,快乐购
300414.sz,中光防雷
300415.sz,伊之密
300416.sz,苏试试验
300417.sz,南华仪器
300418.sz,昆仑万维
300419.sz,浩丰科技
300420.sz,五洋科技
300421.sz,力星股份
300422.sz,博世科
300423.sz,鲁亿通
300424.sz,航新科技
300425.sz,环能科技
300426.sz,唐德影视
300427.sz,红相电力
300428.sz,四通新材
300429.sz,强力新材
300430.sz,诚益通
300431.sz,暴风科技
300432.sz,富临精工
300433.sz,蓝思科技
300434.sz,金石东方
300435.sz,中泰股份
300436.sz,广生堂
300437.sz,清水源
300438.sz,鹏辉能源
300439.sz,美康生物
300440.sz,运达科技
300441.sz,鲍斯股份
300442.sz,普丽盛
300443.sz,金雷风电
300444.sz,双杰电气
300445.sz,康斯特
300446.sz,乐凯新材
300447.sz,全信股份
300448.sz,浩云科技
300449.sz,汉邦高科
300450.sz,先导股份
300451.sz,创业软件
300452.sz,山河药辅
300453.sz,三鑫医疗
300455.sz,康拓红外
300456.sz,耐威科技
300457.sz,赢合科技
300458.sz,全志科技
300459.sz,浙江金科
300460.sz,惠伦晶体
300461.sz,田中精机
300462.sz,华铭智能
300463.sz,迈克生物
300464.sz,星徽精密
300465.sz,高伟达
300466.sz,赛摩电气
300467.sz,迅游科技
300468.sz,四方精创
300469.sz,信息发展
300470.sz,日机密封
300471.sz,厚普股份
300472.sz,新元科技
300473.sz,德尔股份
300475.sz,聚隆科技
300476.sz,胜宏科技
300477.sz,合纵科技
300478.sz,杭州高新
300479.sz,神思电子
300480.sz,光力科技
300481.sz,濮阳惠成
300482.sz,万孚生物
300483.sz,沃施股份
300485.sz,赛升药业
300486.sz,东杰智能
300487.sz,蓝晓科技
300488.sz,恒锋工具
300489.sz,中飞股份
500159.sz,景顺500
